
-- ----------------------------
-- Table structure for fa_user
-- ----------------------------
DROP TABLE IF EXISTS `fa_user`;
CREATE TABLE `fa_user`  (
  `id` int(10) UNSIGNED NOT NULL AUTO_INCREMENT COMMENT 'ID',
  `group_id` int(10) UNSIGNED NOT NULL DEFAULT 0 COMMENT '组别ID',
  `username` varchar(32) CHARACTER SET utf8 COLLATE utf8_general_ci NOT NULL DEFAULT '' COMMENT '用户名',
  `nickname` varchar(255) CHARACTER SET utf8 COLLATE utf8_general_ci NOT NULL DEFAULT '' COMMENT '昵称',
  `password` varchar(32) CHARACTER SET utf8 COLLATE utf8_general_ci NOT NULL DEFAULT '' COMMENT '密码',
  `salt` varchar(30) CHARACTER SET utf8 COLLATE utf8_general_ci NOT NULL DEFAULT '' COMMENT '密码盐',
  `email` varchar(100) CHARACTER SET utf8 COLLATE utf8_general_ci NOT NULL DEFAULT '' COMMENT '电子邮箱',
  `mobile` varchar(11) CHARACTER SET utf8 COLLATE utf8_general_ci NOT NULL DEFAULT '' COMMENT '手机号',
  `avatar` varchar(255) CHARACTER SET utf8 COLLATE utf8_general_ci NOT NULL DEFAULT '' COMMENT '头像',
  `level` tinyint(3) UNSIGNED NOT NULL DEFAULT 0 COMMENT '等级',
  `gender` tinyint(3) UNSIGNED NOT NULL DEFAULT 0 COMMENT '性别',
  `birthday` date DEFAULT NULL COMMENT '生日',
  `bio` varchar(100) CHARACTER SET utf8 COLLATE utf8_general_ci NOT NULL DEFAULT '' COMMENT '格言',
  `money` decimal(10, 2) NOT NULL DEFAULT 0.00 COMMENT '余额',
  `score` int(10) UNSIGNED NOT NULL DEFAULT 0 COMMENT '积分',
  `successions` int(10) UNSIGNED NOT NULL DEFAULT 1 COMMENT '连续登录天数',
  `maxsuccessions` int(10) UNSIGNED NOT NULL DEFAULT 1 COMMENT '最大连续登录天数',
  `prevtime` int(11) DEFAULT NULL COMMENT '上次登录时间',
  `logintime` int(11) DEFAULT NULL COMMENT '登录时间',
  `loginip` varchar(50) CHARACTER SET utf8 COLLATE utf8_general_ci NOT NULL DEFAULT '' COMMENT '登录IP',
  `loginfailure` tinyint(3) UNSIGNED NOT NULL DEFAULT 0 COMMENT '失败次数',
  `joinip` varchar(50) CHARACTER SET utf8 COLLATE utf8_general_ci NOT NULL DEFAULT '' COMMENT '加入IP',
  `jointime` int(11) DEFAULT NULL COMMENT '加入时间',
  `createtime` int(11) DEFAULT NULL COMMENT '创建时间',
  `updatetime` int(11) DEFAULT NULL COMMENT '更新时间',
  `token` varchar(100) CHARACTER SET utf8 COLLATE utf8_general_ci NOT NULL DEFAULT '' COMMENT 'Token',
  `status` varchar(30) CHARACTER SET utf8 COLLATE utf8_general_ci NOT NULL DEFAULT '' COMMENT '状态',
  `verification` varchar(255) CHARACTER SET utf8 COLLATE utf8_general_ci NOT NULL DEFAULT '' COMMENT '验证',
  `pid1` int(11) NOT NULL DEFAULT 0 COMMENT '一级推荐人',
  `pid2` int(11) NOT NULL DEFAULT 0 COMMENT '二级推荐人',
  `pid3` int(11) NOT NULL DEFAULT 0 COMMENT '三级推荐人',
  `path` varchar(255) CHARACTER SET utf8 COLLATE utf8_general_ci NOT NULL DEFAULT '' COMMENT '推荐路径',
  `manystore_pid` int(11) NOT NULL DEFAULT 0 COMMENT '归属店铺',
  `user_type` tinyint(4) NOT NULL DEFAULT 0 COMMENT '是否店员',
  `accountholder` varchar(100) CHARACTER SET utf8 COLLATE utf8_general_ci DEFAULT NULL COMMENT '支付方式',
  `bankname` varchar(100) CHARACTER SET utf8 COLLATE utf8_general_ci DEFAULT NULL COMMENT '姓名',
  `bankcard` varchar(100) CHARACTER SET utf8 COLLATE utf8_general_ci DEFAULT NULL COMMENT '账号',
  `nicheng` varchar(100) CHARACTER SET utf8 COLLATE utf8_general_ci DEFAULT NULL COMMENT '宠宝昵称',
  `is_jueyu` enum('0','1') CHARACTER SET utf8 COLLATE utf8_general_ci NOT NULL DEFAULT '0' COMMENT '是否绝育:0=否,1=是',
  `pingzhong` varchar(100) CHARACTER SET utf8 COLLATE utf8_general_ci DEFAULT NULL COMMENT '宠物品种',
  `bingshi` varchar(255) CHARACTER SET utf8 COLLATE utf8_general_ci DEFAULT NULL COMMENT '病史',
  `age` int(11) NOT NULL DEFAULT 0 COMMENT '年龄',
  `leijiday` int(11) NOT NULL DEFAULT 0 COMMENT '累计签到天数',
  `wx_openid` varchar(50) CHARACTER SET utf8 COLLATE utf8_general_ci DEFAULT NULL COMMENT '应用唯一标识',
  `apple_openid` varchar(200) CHARACTER SET utf8 COLLATE utf8_general_ci DEFAULT NULL COMMENT '苹果唯一id',
  `tuiguangimg` varchar(255) CHARACTER SET utf8 COLLATE utf8_general_ci DEFAULT NULL COMMENT '推广二维码',
  `fangkecount` int(11) NOT NULL DEFAULT 0 COMMENT '访客量',
  `inviter_code` varchar(30) CHARACTER SET utf8 COLLATE utf8_general_ci NOT NULL COMMENT '推荐码',
  `sumscore` int(11) NOT NULL DEFAULT 0 COMMENT '总积分',
  `last_rechargetime` int(11) DEFAULT NULL COMMENT '最后充值时间',
  `homepage_image` varchar(255) CHARACTER SET utf8 COLLATE utf8_general_ci DEFAULT NULL COMMENT '主页背景图片',
  `cardmoney` decimal(10, 2) NOT NULL DEFAULT 0.00 COMMENT '储值卡',
  `real_name` varchar(50) CHARACTER SET utf8 COLLATE utf8_general_ci DEFAULT NULL COMMENT '真实姓名',
  `freeze_cardmoney` decimal(10, 2) NOT NULL DEFAULT 0.00 COMMENT '冻结储值卡金额',
  `clientid` varchar(200) CHARACTER SET utf8 COLLATE utf8_general_ci DEFAULT NULL COMMENT '个推唯一cid',
  `app_type` varchar(255) CHARACTER SET utf8 COLLATE utf8_general_ci DEFAULT NULL COMMENT '登陆手机类型android ios',
  `push_zan` int(11) DEFAULT 1 COMMENT '0关闭1开启点赞推送',
  `push_ping` int(11) DEFAULT 1 COMMENT '0关闭1开启评论推送',
  `push_guan` int(11) DEFAULT 1 COMMENT '0关闭1开启关注推送',
  `push_shou` int(11) DEFAULT 1 COMMENT '0关闭1开启收藏推送',
  `push_qian` int(11) DEFAULT 1 COMMENT '0关闭1开启签到推送',
  PRIMARY KEY (`id`) USING BTREE,
  INDEX `username`(`username`) USING BTREE,
  INDEX `email`(`email`) USING BTREE,
  INDEX `mobile`(`mobile`) USING BTREE
) ENGINE = InnoDB AUTO_INCREMENT = 1000 CHARACTER SET = utf8 COLLATE = utf8_general_ci COMMENT = '会员表' ROW_FORMAT = Dynamic;

-- ----------------------------
-- Records of fa_user
-- ----------------------------
INSERT INTO `fa_user` VALUES (116, 0, 'u413', 'Davis 吴德航', '19738b33298f953e58b82a727b797cfe', 'lBi5eQ', 'u413@peisen.nyjianzhan.com', '', 'https://thirdwx.qlogo.cn/mmopen/vi_32/Q0j4TwGTfTLc3PoqaNe4QQRhIoYYvc7x8noxnsSKsnBjr0qznUFDKawGkHicCRiaynvJ40ribZGrqfAYmrGAuibxJQ/132', 0, 0, NULL, '', 0.00, 10, 1, 1, 1610952180, 1610952180, '116.234.214.211', 0, '116.234.214.211', 1610952180, 1610952180, 1610952180, '', 'normal', '', 0, 0, 0, '', 0, 0, NULL, NULL, NULL, NULL, '0', NULL, NULL, 0, 0, NULL, NULL, NULL, 5, '531640', 10, NULL, 'http://peisen.nyjianzhan.com/uploads/mobileimg/homepage_image.png', 0.00, NULL, 0.00, NULL, NULL, 1, 1, 1, 1, 1);
INSERT INTO `fa_user` VALUES (269, 0, 'u269', '小珍', '1eaa2d7d7b30770ebfad911e7dfd82b9', 'VqZsWc', 'u269@peisen.nyjianzhan.com', '15895485544', 'https://thirdwx.qlogo.cn/mmopen/vi_32/Q0j4TwGTfTJPNLvpq72pUWslVaBlaPHviaPcnbjT2JO4R6CfbeEWMEDMmVmPKuuPOqhEReyjicZuPbYGExvsPr8A/132', 1, 1, '2020-09-26', '', 130.02, 332, 1, 3, 1610695931, 1622216089, '223.91.71.98', 0, '125.42.251.75', 1600745858, 1600745858, 1622216089, '', 'normal', '', 0, 0, 0, '', 0, 1, NULL, NULL, NULL, '', '0', '', '', 0, 16, NULL, NULL, NULL, 39, '279806', 350, 1608205086, 'http://peisen.nyjianzhan.com/uploads/mobileimg/homepage_image.png', 102.00, NULL, 0.00, '', NULL, 1, 1, 1, 1, 1);
INSERT INTO `fa_user` VALUES (270, 0, 'jane', '王者荣耀', '1d252c45dc856749dc958dbb2411be1e', '8JUMD4', '15890850502@139.com', '15890850503', 'http://peisen.nyjianzhan.com/uploads/mobileimg/avatar_mobile.png', 4, 0, NULL, '', 0.01, 20415, 1, 1, 1600941415, 1604656287, '42.227.128.148', 0, '125.42.251.75', 1600745983, 1600745983, 1604656287, '', 'normal', '', 1, 0, 0, '1', 0, 0, NULL, NULL, NULL, '', '0', '', '', 0, 0, NULL, NULL, 'http://peisen.nyjianzhan.com/uploads/qrcode/qrcode_2701600846279.png', 450, '128597', 20464, NULL, 'http://peisen.nyjianzhan.com/uploads/mobileimg/homepage_image.png', 0.00, NULL, 0.00, NULL, NULL, 1, 1, 1, 1, 1);
INSERT INTO `fa_user` VALUES (271, 0, '咕咕咕', '鸽子', '3f4979b5bf108f485c6e6ee4d1d54f2a', 'qHMBT7', '13388888888@139.com', '13388888888', 'http://peisen.nyjianzhan.com/uploads/mobileimg/avatar_mobile.png', 0, 0, NULL, '', 0.00, 23, 1, 1, 1600754860, 1600754878, '125.42.251.75', 0, '125.42.251.75', 1600754860, 1600754860, 1600754878, '', 'normal', '', 0, 0, 0, '', 0, 0, NULL, NULL, NULL, NULL, '0', NULL, NULL, 0, 1, NULL, NULL, 'http://peisen.nyjianzhan.com/uploads/qrcode/qrcode_2711600755291.png', 212, '446182', 23, NULL, 'http://peisen.nyjianzhan.com/uploads/mobileimg/homepage_image.png', 0.00, NULL, 0.00, NULL, NULL, 1, 1, 1, 1, 1);
INSERT INTO `fa_user` VALUES (273, 0, 'u273', '猫', '75f35dca4e669607a04bf0635f968717', 'F4LT6N', 'u273@peisen.nyjianzhan.com', '', 'https://thirdwx.qlogo.cn/mmopen/vi_32/Q0j4TwGTfTLCm8OWkDoutQiakia9YnL5iblwrPRvcP61cyYzqLB2vy7SeI1eQ3INnvibqL0kEXNJpwEQeibEyVRugzA/132', 0, 0, NULL, '', 0.00, 60, 1, 1, 1600820069, 1600820069, '123.5.109.225', 0, '123.5.109.225', 1600820069, 1600820069, 1600820069, '', 'normal', '', 0, 0, 0, '', 0, 0, NULL, NULL, NULL, NULL, '0', NULL, NULL, 0, 1, NULL, NULL, NULL, 0, '438538', 60, NULL, 'http://peisen.nyjianzhan.com/uploads/mobileimg/homepage_image.png', 0.00, NULL, 0.00, NULL, NULL, 1, 1, 1, 1, 1);
INSERT INTO `fa_user` VALUES (275, 0, 'u275', 'null ', '28b485fa74d60b109c06565bcc3d55f2', 'mB69QJ', 'u275@peisen.nyjianzhan.com', '', 'https://thirdwx.qlogo.cn/mmopen/vi_32/Q0j4TwGTfTL7LdYKhEJbSxia6TpYpe9kYvUnoyOper4hFIH1Rk9GYmGnamEs5KVLcXicqF3XQKP3CMJqN0KG4YBg/132', 0, 0, NULL, '', 0.00, 23, 1, 1, 1601101347, 1602568993, '61.158.146.230', 0, '61.158.146.77', 1601100732, 1601100732, 1602568993, '', 'normal', '', 0, 0, 0, '', 0, 0, NULL, NULL, NULL, NULL, '0', NULL, NULL, 0, 1, NULL, NULL, NULL, 0, '688388', 23, NULL, 'http://peisen.nyjianzhan.com/uploads/mobileimg/homepage_image.png', 0.00, NULL, 0.00, NULL, NULL, 1, 1, 1, 1, 1);
INSERT INTO `fa_user` VALUES (276, 0, '测试222', '张三', '43f3c6eff248e5a42ed9a39d77c4fb01', '3I6yeU', '15890850502@139.com', '15890850509', 'http://peisen.nyjianzhan.com/uploads/mobileimg/avatar_mobile.png', 2, 0, NULL, '', 0.00, 23, 1, 1, 1601104032, 1601104053, '182.126.138.207', 0, '182.126.138.207', 1601104032, 1601104032, 1601104053, '', 'normal', '', 1, 0, 0, '1', 0, 0, NULL, NULL, NULL, '', '0', '', '', 0, 1, NULL, NULL, NULL, 0, '129537', 23, NULL, 'http://peisen.nyjianzhan.com/uploads/mobileimg/homepage_image.png', 0.00, NULL, 0.00, NULL, NULL, 1, 1, 1, 1, 1);
INSERT INTO `fa_user` VALUES (278, 0, 'u278', '高海朋', 'c1d29f807f9ef4001c548c035fd9452a', 'LaNqnb', 'u278@peisen.nyjianzhan.com', '', 'https://thirdwx.qlogo.cn/mmopen/vi_32/DYAIOgq83eqvqRLNUcQyqUISLf7RicJM773FH51OR67Exq7O8PcriceZ8UBSKDzxOnaWZTwhQX8OlibfdvYV4t68w/132', 0, 0, NULL, '', 0.00, 45, 1, 1, 1602668571, 1610101434, '171.13.107.125', 0, '61.158.147.130', 1601464125, 1601464125, 1610101434, '', 'normal', '', 0, 0, 0, '', 0, 0, NULL, NULL, NULL, NULL, '0', NULL, NULL, 0, 0, NULL, NULL, 'http://peisen.nyjianzhan.com/uploads/qrcode/qrcode_2781601478715.png', 0, '748333', 45, NULL, 'http://peisen.nyjianzhan.com/uploads/mobileimg/homepage_image.png', 0.00, NULL, 0.00, NULL, NULL, 1, 1, 1, 1, 1);
INSERT INTO `fa_user` VALUES (279, 0, 'u279', '~   无终     ~', 'd1ba5dab9b2e44164655b33f01b914d5', 'hW5Krw', 'u279@peisen.nyjianzhan.com', '', 'https://thirdwx.qlogo.cn/mmopen/vi_32/ALsk7hCeFjk19gySVyTng6w0347a1T51taeFvTGKlkq3bzaQqHOw1wKfGZbfxEE671LqOhsFuW87YiaRffzADdg/132', 0, 0, NULL, '', 0.00, 55, 1, 1, 1601876904, 1604711203, '222.139.249.224', 0, '61.158.147.122', 1601868382, 1601868382, 1604711203, '', 'normal', '', 0, 0, 0, '', 0, 0, NULL, NULL, NULL, NULL, '0', NULL, NULL, 0, 2, NULL, NULL, NULL, 0, '395522', 55, NULL, 'http://peisen.nyjianzhan.com/uploads/mobileimg/homepage_image.png', 0.00, NULL, 0.00, NULL, NULL, 1, 1, 1, 1, 1);
INSERT INTO `fa_user` VALUES (280, 0, 't123456', 't123456', '55acbd709373a7e9317b6d611a4da844', 'a6WwYN', '18701637462@139.com', '18701637462', 'http://peisen.nyjianzhan.com/uploads/mobileimg/avatar_mobile.png', 0, 0, NULL, '', 0.00, 43, 1, 1, 1601874116, 1601874131, '117.136.79.170', 0, '117.136.79.170', 1601874116, 1601874116, 1601874131, '', 'normal', '', 0, 0, 0, '', 0, 0, NULL, NULL, NULL, NULL, '0', NULL, NULL, 0, 1, NULL, NULL, NULL, 0, '488906', 43, NULL, 'http://peisen.nyjianzhan.com/uploads/mobileimg/homepage_image.png', 0.00, NULL, 0.00, NULL, NULL, 1, 1, 1, 1, 1);
INSERT INTO `fa_user` VALUES (281, 0, 'u281', '宝宝', 'b0795ca307108e93ed32c6d003ea1959', 'lO3FdJ', 'u281@peisen.nyjianzhan.com', '', 'http://psjy.oss-cn-beijing.aliyuncs.com/uploads/20201211/20201211160769484288723.png', 0, 1, '1982-12-11', '', 0.00, 344, 1, 1, 1606659787, 1606913687, '111.193.213.42', 0, '221.219.110.118', 1601994666, 1601994666, 1606913687, '', 'normal', '', 0, 0, 0, '', 0, 0, NULL, NULL, NULL, NULL, '0', NULL, NULL, 0, 11, NULL, NULL, NULL, 88, '454424', 347, NULL, 'http://peisen.nyjianzhan.com/uploads/mobileimg/homepage_image.png', 0.00, NULL, 0.00, NULL, NULL, 1, 1, 1, 1, 1);
INSERT INTO `fa_user` VALUES (282, 0, 'u282', 'z先生', '790bfbb26a75fdbe2bbe8b84c5e9a0f4', 'dCBsTS', 'u282@peisen.nyjianzhan.com', '', 'https://thirdwx.qlogo.cn/mmopen/vi_32/VlapJEd9t1ibZNoicRnsIO3XjXsUg4EdvK48sYgBhWmKxP6r6MpSl7y6j2mYNOQJKRK21PNEBIkYh3JSDBTeia6gQ/132', 0, 0, NULL, '', 0.00, 52, 1, 1, 1601995047, 1601995047, '124.235.151.243', 0, '124.235.151.243', 1601995047, 1601995047, 1601995047, '', 'normal', '', 0, 0, 0, '', 0, 0, NULL, NULL, NULL, NULL, '0', NULL, NULL, 0, 1, NULL, NULL, 'http://peisen.nyjianzhan.com/uploads/qrcode/qrcode_2821603698687.png', 0, '834846', 52, NULL, 'http://peisen.nyjianzhan.com/uploads/mobileimg/homepage_image.png', 0.00, NULL, 0.00, NULL, NULL, 1, 1, 1, 1, 1);
INSERT INTO `fa_user` VALUES (283, 0, 'u283', 'null ', '58d479d76a5ba78cacd1036a479adf65', 'prAKIs', 'u283@peisen.nyjianzhan.com', '', 'https://thirdwx.qlogo.cn/mmopen/vi_32/Q0j4TwGTfTIEGXPDcUJBhYlMwof5KJJppAOncFOiakC3vOAjNPsJQTsmQiaIPuXEmElWqfIXgiaAEibib5RFOtwpuqw/132', 0, 0, NULL, '', 0.00, 43, 1, 1, 1602568853, 1602568853, '61.158.146.230', 0, '61.158.146.230', 1602568853, 1602568853, 1602568853, '', 'normal', '', 0, 0, 0, '', 0, 0, NULL, NULL, NULL, NULL, '0', NULL, NULL, 0, 1, NULL, NULL, 'http://peisen.nyjianzhan.com/uploads/qrcode/qrcode_2831602824183.png', 0, '877958', 43, NULL, 'http://peisen.nyjianzhan.com/uploads/mobileimg/homepage_image.png', 0.00, NULL, 0.00, NULL, NULL, 1, 1, 1, 1, 1);
INSERT INTO `fa_user` VALUES (285, 0, 'u285', '萤火虫', 'dab1196fa1d0af2408f27fad3eb5daa4', 'NX24TJ', 'u285@peisen.nyjianzhan.com', '', 'https://thirdwx.qlogo.cn/mmopen/vi_32/Q0j4TwGTfTK6ouUGEGvc4UtfllqEwibv7koA4etHQXE2sIc7XaTbRicibvI9mqTgRU6CFqhc8vibYl2lKdzwGa7bkA/132', 0, 0, NULL, '', 0.00, 479, 1, 2, 1606809356, 1606972044, '42.229.249.50', 0, '218.28.133.53', 1602989328, 1602989328, 1606972810, '', 'normal', '', 0, 0, 0, '', 0, 0, NULL, NULL, NULL, NULL, '0', NULL, NULL, 0, 3, NULL, NULL, 'http://peisen.nyjianzhan.com/uploads/qrcode/qrcode_2851603183127.png', 1, '401577', 542, 1604918210, 'http://psjy.oss-cn-beijing.aliyuncs.com/uploads/20201203/20201203160697280947576.png', 0.00, NULL, 5.00, NULL, NULL, 1, 1, 1, 1, 1);
INSERT INTO `fa_user` VALUES (286, 0, 'u286', '梦月小筑', 'e05175b4b1d9c53e2927e67b3d625b5d', 'jQsxaw', 'u286@peisen.nyjianzhan.com', '', 'https://thirdwx.qlogo.cn/mmopen/vi_32/LH99GfeT31hXzLeo5Fx1ySYLkp0xCBNUVMUFLfYBzxGUZChNIkl86pmgfT9iabf15achjTdOMibjVUiazXW4NU2Dg/132', 0, 0, NULL, '', 0.00, 55, 1, 1, 1604461950, 1604461950, '39.144.23.118', 0, '39.144.23.118', 1604461950, 1604461950, 1604461950, '', 'normal', '', 0, 0, 0, '', 0, 0, NULL, NULL, NULL, NULL, '0', NULL, NULL, 0, 0, NULL, NULL, NULL, 0, '411787', 55, NULL, 'http://peisen.nyjianzhan.com/uploads/mobileimg/homepage_image.png', 0.00, NULL, 0.00, NULL, NULL, 1, 1, 1, 1, 1);
INSERT INTO `fa_user` VALUES (287, 0, 'u287', '石头', '567bab97cff37a02c1dd383d37c2dcba', 'pgQ5GX', 'u287@peisen.nyjianzhan.com', '', 'https://thirdwx.qlogo.cn/mmopen/vi_32/DYAIOgq83eoibiaxNVLQJalLoial5MrB7T9TBeKekiaZLc9fXoQd2R2fpJvgFb4edGdpQUMJItF1aliaM9GrHGcmfYA/132', 0, 0, NULL, '', 0.00, 111, 1, 2, 1606694862, 1606954093, '42.232.71.252', 0, '61.158.146.109', 1604664856, 1604664856, 1606954093, '', 'normal', '', 0, 0, 0, '', 0, 0, NULL, NULL, NULL, NULL, '0', NULL, NULL, 0, 4, NULL, NULL, NULL, 0, '971619', 111, NULL, 'http://peisen.nyjianzhan.com/uploads/mobileimg/homepage_image.png', 0.00, NULL, 0.00, NULL, NULL, 1, 1, 1, 1, 1);
INSERT INTO `fa_user` VALUES (288, 0, '我不告诉你', '皮皮虾', '9ec4740118c5a464e54896331f7c2b85', 'HTxdDN', '18810613655@139.com', '18810613655', 'http://peisen.nyjianzhan.com/uploads/mobileimg/avatar_mobile.png', 0, 0, NULL, '', 0.00, 70, 4, 4, 1605073691, 1605143001, '115.52.248.103', 0, '123.161.84.189', 1604731525, 1604731525, 1605143001, '', 'normal', '', 1, 0, 0, '1', 0, 0, NULL, NULL, NULL, NULL, '0', NULL, NULL, 0, 1, NULL, NULL, NULL, 0, '318999', 70, NULL, 'http://peisen.nyjianzhan.com/uploads/mobileimg/homepage_image.png', 0.00, NULL, 0.00, NULL, NULL, 1, 1, 1, 1, 1);
INSERT INTO `fa_user` VALUES (289, 0, '123456', '123456', 'eb1620248b3095268e333d878f98157c', 'JiATP5', '13343773328@139.com', '13343773328', 'http://peisen.nyjianzhan.com/uploads/mobileimg/avatar_mobile.png', 0, 0, NULL, '', 0.00, 40, 1, 1, 1604735782, 1604735791, '115.49.80.140', 0, '115.49.80.140', 1604735782, 1604735782, 1604735791, '', 'normal', '', 0, 0, 0, '', 0, 0, NULL, NULL, NULL, NULL, '0', NULL, NULL, 0, 0, NULL, NULL, NULL, 0, '342031', 40, NULL, 'http://peisen.nyjianzhan.com/uploads/mobileimg/homepage_image.png', 0.00, NULL, 0.00, NULL, NULL, 1, 1, 1, 1, 1);
INSERT INTO `fa_user` VALUES (290, 0, 'paradox', 'paradox', 'b1160ad73aed534d6225d8aad01481f5', 'TucW58', '13552250807@139.com', '13552250807', 'http://psjy.oss-cn-beijing.aliyuncs.com/uploads/20201227/20201227160905241674350.png', 0, 0, NULL, '', 0.00, 113, 1, 1, 1604883591, 1609052378, '125.34.75.242', 0, '120.244.140.210', 1604883550, 1604883550, 1609052378, '', 'normal', '', 0, 0, 0, '', 0, 0, NULL, NULL, NULL, NULL, '0', NULL, NULL, 0, 2, NULL, NULL, NULL, 0, '624426', 113, NULL, 'http://peisen.nyjianzhan.com/uploads/mobileimg/homepage_image.png', 0.00, NULL, 0.00, NULL, NULL, 1, 1, 1, 1, 1);
INSERT INTO `fa_user` VALUES (298, 0, '13569874563', 'df', '997f1744ba9c46f3500d781f0a7d45f7', 'jqSWVi', '13569874563@139.com', '13569874563', 'http://peisen.nyjianzhan.com/uploads/mobileimg/avatar_mobile.png', 0, 0, NULL, '', 0.00, 0, 1, 1, 1605670486, 1605670486, '115.49.123.10', 0, '115.49.123.10', 1605670486, 1605670486, 1605670486, '', 'normal', '', 0, 0, 0, '', 0, 0, NULL, NULL, NULL, NULL, '0', NULL, NULL, 0, 0, NULL, NULL, NULL, 0, '698075', 0, NULL, 'http://peisen.nyjianzhan.com/uploads/mobileimg/homepage_image.png', 0.00, NULL, 0.00, NULL, NULL, 1, 1, 1, 1, 1);
INSERT INTO `fa_user` VALUES (299, 0, '15890850511', '15890850511', '4cf298c642bc5aa48a0700b1db56370b', 'f7kDC8', '15890850511@139.com', '15890850511', 'http://psjy.oss-cn-beijing.aliyuncs.com/uploads/20201119/20201119160575576424485.png', 0, 0, '2020-11-19', '', 0.00, 94, 1, 1, 1605698976, 1606632615, '115.49.84.92', 0, '42.228.200.174', 1605698964, 1605698964, 1606632615, '', 'normal', '', 0, 0, 0, '', 0, 0, NULL, NULL, NULL, NULL, '0', NULL, NULL, 0, 3, NULL, NULL, NULL, 0, '973319', 94, NULL, 'http://peisen.nyjianzhan.com/uploads/mobileimg/homepage_image.png', 0.00, NULL, 0.00, NULL, NULL, 1, 1, 1, 1, 1);
INSERT INTO `fa_user` VALUES (300, 0, 'u300', '星辰', 'a739e4eac04fa991deabe033ee311f07', 'Nryeqn', 'u300@peisen.nyjianzhan.com', '', 'https://thirdwx.qlogo.cn/mmopen/vi_32/ZdXuBvSqODe2pKoMNKePiap9Emnib1nvxeN157h7PJC0OfqbWnQJzvh5OcLTv52AFQ3J9TsKw05ZzibSjGe43ia69A/132', 0, 0, NULL, '', 0.00, 10, 2, 2, 1605872040, 1605872054, '123.11.91.214', 0, '222.142.133.93', 1605750484, 1605750484, 1605872054, '', 'normal', '', 0, 0, 0, '', 0, 0, NULL, NULL, NULL, NULL, '0', NULL, NULL, 0, 0, NULL, NULL, NULL, 0, '573004', 10, NULL, 'http://peisen.nyjianzhan.com/uploads/mobileimg/homepage_image.png', 0.00, NULL, 0.00, NULL, NULL, 1, 1, 1, 1, 1);
INSERT INTO `fa_user` VALUES (301, 0, '15890850533', '小豆包', '3f345437b50b7a8d86e799d1df7cad2c', 'rQblDg', '15890850533@139.com', '15890850533', 'http://peisen.nyjianzhan.com/uploads/mobileimg/avatar_mobile.png', 0, 0, NULL, '', 690.00, 65, 1, 1, 1605772272, 1605776449, '123.11.216.182', 0, '222.142.133.93', 1605752356, 1605752356, 1605776449, '', 'normal', '', 0, 0, 0, '', 0, 0, NULL, NULL, NULL, NULL, '0', NULL, NULL, 0, 1, NULL, NULL, NULL, 0, '360723', 65, NULL, 'http://peisen.nyjianzhan.com/uploads/mobileimg/homepage_image.png', 0.00, NULL, 0.00, NULL, NULL, 1, 1, 1, 1, 1);
INSERT INTO `fa_user` VALUES (302, 0, '13698521470', '13698521470', 'a4af74571d3e322c0e871f89e88ea0a0', 'G4qcLg', '13698521470@139.com', '13698521470', 'http://peisen.nyjianzhan.com/uploads/mobileimg/avatar_mobile.png', 0, 0, NULL, '', 0.00, 10, 1, 1, 1605752521, 1605752521, '115.49.123.10', 0, '115.49.123.10', 1605752521, 1605752521, 1605752521, '', 'normal', '', 0, 0, 0, '', 0, 0, NULL, NULL, NULL, NULL, '0', NULL, NULL, 0, 0, NULL, NULL, NULL, 0, '398053', 10, NULL, 'http://peisen.nyjianzhan.com/uploads/mobileimg/homepage_image.png', 0.00, NULL, 0.00, NULL, NULL, 1, 1, 1, 1, 1);
INSERT INTO `fa_user` VALUES (303, 0, '13698521471', '13698521471', 'c37f2cfda9fd17ff27076796cdafd122', 'L0ybSN', '13698521471@139.com', '13698521471', 'http://peisen.nyjianzhan.com/uploads/mobileimg/avatar_mobile.png', 0, 0, NULL, '', 0.00, 10, 1, 1, 1605754738, 1605754738, '115.49.123.10', 0, '115.49.123.10', 1605754738, 1605754738, 1605754738, '', 'normal', '', 0, 0, 0, '', 0, 0, NULL, NULL, NULL, NULL, '0', NULL, NULL, 0, 0, NULL, NULL, NULL, 0, '106891', 10, NULL, 'http://peisen.nyjianzhan.com/uploads/mobileimg/homepage_image.png', 0.00, NULL, 0.00, NULL, NULL, 1, 1, 1, 1, 1);
INSERT INTO `fa_user` VALUES (304, 0, '13654123651', '13654123651', 'b686caa116ad9b91331cccc895979952', 'gAxpJu', '13654123651@139.com', '13654123651', 'http://peisen.nyjianzhan.com/uploads/mobileimg/avatar_mobile.png', 0, 0, NULL, '', 0.00, 10, 1, 1, 1605754782, 1605754782, '115.49.123.10', 0, '115.49.123.10', 1605754782, 1605754782, 1605754782, '', 'normal', '', 0, 0, 0, '', 0, 0, NULL, NULL, NULL, NULL, '0', NULL, NULL, 0, 0, NULL, NULL, NULL, 0, '843344', 10, NULL, 'http://peisen.nyjianzhan.com/uploads/mobileimg/homepage_image.png', 0.00, NULL, 0.00, NULL, NULL, 1, 1, 1, 1, 1);
INSERT INTO `fa_user` VALUES (305, 0, '13698745632', '13698745632', 'c79a8419fe40b3c926fbdc8ca2e83502', 'v6Uin9', '13698745632@139.com', '13698745632', 'http://peisen.nyjianzhan.com/uploads/mobileimg/avatar_mobile.png', 0, 0, NULL, '', 0.00, 10, 1, 1, 1605754849, 1605754849, '115.49.123.10', 0, '115.49.123.10', 1605754849, 1605754849, 1605754849, '', 'normal', '', 0, 0, 0, '', 0, 0, NULL, NULL, NULL, NULL, '0', NULL, NULL, 0, 0, NULL, NULL, NULL, 0, '231071', 10, NULL, 'http://peisen.nyjianzhan.com/uploads/mobileimg/homepage_image.png', 0.00, NULL, 0.00, NULL, NULL, 1, 1, 1, 1, 1);
INSERT INTO `fa_user` VALUES (306, 0, '13654789965', '13654789965', '0a0186e6c31bbab95f722b7feda22f6e', 'ZvIT5s', '13654789965@139.com', '13654789965', 'http://peisen.nyjianzhan.com/uploads/mobileimg/avatar_mobile.png', 0, 0, NULL, '', 0.00, 10, 1, 1, 1605754981, 1605754981, '115.49.123.10', 0, '115.49.123.10', 1605754981, 1605754981, 1605754981, '', 'normal', '', 0, 0, 0, '', 0, 0, NULL, NULL, NULL, NULL, '0', NULL, NULL, 0, 0, NULL, NULL, NULL, 0, '159143', 10, NULL, 'http://peisen.nyjianzhan.com/uploads/mobileimg/homepage_image.png', 0.00, NULL, 0.00, NULL, NULL, 1, 1, 1, 1, 1);
INSERT INTO `fa_user` VALUES (307, 0, '13654789654', '13654789654', 'ec98406be4855ac36c5f0beaa65c5463', 'lAH4qz', '13654789654@139.com', '13654789654', 'http://peisen.nyjianzhan.com/uploads/mobileimg/avatar_mobile.png', 0, 0, NULL, '', 0.00, 10, 1, 1, 1605755018, 1605755018, '115.49.123.10', 0, '115.49.123.10', 1605755018, 1605755018, 1605755018, '', 'normal', '', 0, 0, 0, '', 0, 0, NULL, NULL, NULL, NULL, '0', NULL, NULL, 0, 0, NULL, NULL, NULL, 0, '722940', 10, NULL, 'http://peisen.nyjianzhan.com/uploads/mobileimg/homepage_image.png', 0.00, NULL, 0.00, NULL, NULL, 1, 1, 1, 1, 1);
INSERT INTO `fa_user` VALUES (308, 0, '13698521478', '13698521478', '6a743f7d10cac016c8807821f5cd034a', 'OhqyKo', '13698521478@139.com', '13698521478', 'http://peisen.nyjianzhan.com/uploads/mobileimg/avatar_mobile.png', 0, 0, NULL, '', 0.00, 10, 1, 1, 1605755120, 1605755120, '115.49.123.10', 0, '115.49.123.10', 1605755120, 1605755120, 1605755120, '', 'normal', '', 0, 0, 0, '', 0, 0, NULL, NULL, NULL, NULL, '0', NULL, NULL, 0, 0, NULL, NULL, NULL, 0, '521437', 10, NULL, 'http://peisen.nyjianzhan.com/uploads/mobileimg/homepage_image.png', 0.00, NULL, 0.00, NULL, NULL, 1, 1, 1, 1, 1);
INSERT INTO `fa_user` VALUES (309, 0, '13698745698', '13698745698', '2f06106f9d531b6e20f9ef53cb690e4e', 'GithCW', '13698745698@139.com', '13698745698', 'http://peisen.nyjianzhan.com/uploads/mobileimg/avatar_mobile.png', 0, 0, NULL, '', 0.00, 10, 1, 1, 1605755171, 1605755171, '115.49.123.10', 0, '115.49.123.10', 1605755171, 1605755171, 1605755171, '', 'normal', '', 0, 0, 0, '', 0, 0, NULL, NULL, NULL, NULL, '0', NULL, NULL, 0, 0, NULL, NULL, NULL, 0, '662926', 10, NULL, 'http://peisen.nyjianzhan.com/uploads/mobileimg/homepage_image.png', 0.00, NULL, 0.00, NULL, NULL, 1, 1, 1, 1, 1);
INSERT INTO `fa_user` VALUES (310, 0, '13698574523', '13698574523', '28b8e73d5a57fabdd29b17a8e525fa64', 'HJ0wBg', '13698574523@139.com', '13698574523', 'http://peisen.nyjianzhan.com/uploads/mobileimg/avatar_mobile.png', 0, 0, NULL, '', 0.00, 10, 1, 1, 1605756358, 1605756358, '115.49.123.10', 0, '115.49.123.10', 1605756358, 1605756358, 1605756358, '', 'normal', '', 0, 0, 0, '', 0, 0, NULL, NULL, NULL, NULL, '0', NULL, NULL, 0, 0, NULL, NULL, NULL, 0, '490964', 10, NULL, 'http://peisen.nyjianzhan.com/uploads/mobileimg/homepage_image.png', 0.00, NULL, 0.00, NULL, NULL, 1, 1, 1, 1, 1);
INSERT INTO `fa_user` VALUES (311, 0, '13698521473', '13698521473', '521938113e6d6729135c4319e20f649c', 'k1zG2J', '13698521473@139.com', '13698521473', 'http://peisen.nyjianzhan.com/uploads/mobileimg/avatar_mobile.png', 0, 0, NULL, '', 0.00, 13, 1, 1, 1605756487, 1605756487, '115.49.123.10', 0, '115.49.123.10', 1605756487, 1605756487, 1605756487, '', 'normal', '', 0, 0, 0, '', 0, 0, NULL, NULL, NULL, NULL, '0', NULL, NULL, 0, 1, NULL, NULL, NULL, 0, '403892', 13, NULL, 'http://peisen.nyjianzhan.com/uploads/mobileimg/homepage_image.png', 0.00, NULL, 0.00, NULL, NULL, 1, 1, 1, 1, 1);
INSERT INTO `fa_user` VALUES (313, 0, '15632478965', '15632478965', 'c5b5b2380d6238ee97ef6891ff59e510', 'GWXg1Q', '15632478965@139.com', '15632478965', 'http://peisen.nyjianzhan.com/uploads/mobileimg/avatar_mobile.png', 0, 0, NULL, '', 0.00, 28, 1, 1, 1605786907, 1605786907, '222.142.133.93', 0, '222.142.133.93', 1605786907, 1605786907, 1605786907, '', 'normal', '', 0, 0, 0, '', 0, 0, NULL, NULL, NULL, NULL, '0', NULL, NULL, 0, 0, NULL, NULL, NULL, 0, '497700', 28, NULL, 'http://peisen.nyjianzhan.com/uploads/mobileimg/homepage_image.png', 0.00, NULL, 0.00, NULL, NULL, 1, 1, 1, 1, 1);
INSERT INTO `fa_user` VALUES (316, 0, '15890850510', '一家人', '71145cd91df5be1385dc72673a61a8b5', 'GqRtkc', '15890850510@139.com', '15890850510', 'http://peisen.nyjianzhan.com/uploads/mobileimg/avatar_mobile.png', 0, 1, '2020-11-20', '', 8923.00, 93, 1, 1, 1605868406, 1606548977, '115.52.151.123', 0, '123.11.91.214', 1605868406, 1605868406, 1606548977, '', 'normal', '', 0, 0, 0, '', 0, 0, NULL, NULL, NULL, NULL, '0', NULL, NULL, 0, 2, NULL, NULL, NULL, 24, '929385', 93, NULL, 'http://peisen.nyjianzhan.com/uploads/mobileimg/homepage_image.png', 0.00, NULL, 0.00, NULL, NULL, 1, 1, 1, 1, 1);
INSERT INTO `fa_user` VALUES (317, 0, '13698574563', '13698574563', '5b8b614916b4ea39b59d91fbea2b02df', 'fyrEiV', '13698574563@139.com', '13698574563', 'http://peisen.nyjianzhan.com/uploads/mobileimg/avatar_mobile.png', 0, 0, NULL, '', 0.00, 10, 1, 1, 1605869685, 1605869685, '123.11.216.182', 0, '123.11.216.182', 1605869685, 1605869685, 1605869685, '', 'normal', '', 0, 0, 0, '', 0, 0, NULL, NULL, NULL, NULL, '0', NULL, NULL, 0, 0, NULL, NULL, NULL, 0, '872227', 10, NULL, 'http://peisen.nyjianzhan.com/uploads/mobileimg/homepage_image.png', 0.00, NULL, 0.00, NULL, NULL, 1, 1, 1, 1, 1);
INSERT INTO `fa_user` VALUES (318, 0, '15890850566', '15890850566', 'b0c10b32bef1770868cec6d0908cd523', 'zJ7qRk', '15890850566@139.com', '15890850566', 'http://peisen.nyjianzhan.com/uploads/mobileimg/avatar_mobile.png', 0, 0, NULL, '', 0.00, 10, 1, 1, 1605869751, 1605869751, '123.11.91.214', 0, '123.11.91.214', 1605869751, 1605869751, 1605869751, '', 'normal', '', 0, 0, 0, '', 0, 0, NULL, NULL, NULL, NULL, '0', NULL, NULL, 0, 0, NULL, NULL, NULL, 0, '319890', 10, NULL, 'http://peisen.nyjianzhan.com/uploads/mobileimg/homepage_image.png', 0.00, NULL, 0.00, NULL, NULL, 1, 1, 1, 1, 1);
INSERT INTO `fa_user` VALUES (319, 0, '13652896547', '13652896547', '3d5188568099ba8bf56577fe979168a6', 'oLpe0n', '13652896547@139.com', '13652896547', 'http://peisen.nyjianzhan.com/uploads/mobileimg/avatar_mobile.png', 0, 0, NULL, '', 0.00, 10, 1, 1, 1605869980, 1605869980, '123.11.91.214', 0, '123.11.91.214', 1605869980, 1605869980, 1605869980, '', 'normal', '', 0, 0, 0, '', 0, 0, NULL, NULL, NULL, NULL, '0', NULL, NULL, 0, 0, NULL, NULL, NULL, 0, '483149', 10, NULL, 'http://peisen.nyjianzhan.com/uploads/mobileimg/homepage_image.png', 0.00, NULL, 0.00, NULL, NULL, 1, 1, 1, 1, 1);
INSERT INTO `fa_user` VALUES (320, 0, '18836985247', '18836985247', 'eb6c859371733fb2b2d8d99d3f2f8b1e', 'Z9bhUk', '18836985247@139.com', '18836985247', 'http://peisen.nyjianzhan.com/uploads/mobileimg/avatar_mobile.png', 0, 0, NULL, '', 0.00, 10, 1, 1, 1605870257, 1605870257, '123.11.91.214', 0, '123.11.91.214', 1605870257, 1605870257, 1605870257, '', 'normal', '', 0, 0, 0, '', 0, 0, NULL, NULL, NULL, NULL, '0', NULL, NULL, 0, 0, NULL, NULL, NULL, 0, '713410', 10, NULL, 'http://peisen.nyjianzhan.com/uploads/mobileimg/homepage_image.png', 0.00, NULL, 0.00, NULL, NULL, 1, 1, 1, 1, 1);
INSERT INTO `fa_user` VALUES (321, 0, '18823652145', '18823652145', '4b71fea980d7e9ce0f240387afc7de59', 'v1lXot', '18823652145@139.com', '18823652145', 'http://peisen.nyjianzhan.com/uploads/mobileimg/avatar_mobile.png', 0, 0, NULL, '', 0.00, 10, 1, 1, 1605870337, 1605870337, '123.11.216.182', 0, '123.11.216.182', 1605870337, 1605870337, 1605870337, '', 'normal', '', 0, 0, 0, '', 0, 0, NULL, NULL, NULL, NULL, '0', NULL, NULL, 0, 0, NULL, NULL, NULL, 0, '549143', 10, NULL, 'http://peisen.nyjianzhan.com/uploads/mobileimg/homepage_image.png', 0.00, NULL, 0.00, NULL, NULL, 1, 1, 1, 1, 1);
INSERT INTO `fa_user` VALUES (322, 0, '18810236547', '18810236547', 'dcf547186861284517fb5090d3fcd94b', 'k2cVbM', '18810236547@139.com', '18810236547', 'http://peisen.nyjianzhan.com/uploads/mobileimg/avatar_mobile.png', 0, 0, NULL, '', 0.00, 10, 1, 1, 1605870891, 1605870891, '123.11.216.182', 0, '123.11.216.182', 1605870891, 1605870891, 1605870891, '', 'normal', '', 0, 0, 0, '', 0, 0, NULL, NULL, NULL, NULL, '0', NULL, NULL, 0, 0, NULL, NULL, NULL, 0, '151812', 10, NULL, 'http://peisen.nyjianzhan.com/uploads/mobileimg/homepage_image.png', 0.00, NULL, 0.00, NULL, NULL, 1, 1, 1, 1, 1);
INSERT INTO `fa_user` VALUES (323, 0, 'u323', '~~', '7163c0e868e9fb379d754405bd23f122', 'ldskEp', 'u323@peisen.nyjianzhan.com', '', 'https://thirdwx.qlogo.cn/mmopen/vi_32/Q0j4TwGTfTKicOcKLwawCFu9kMqvJ1l37WFbe5ySV1rLd4rQu6l2HrI5F6OAQZOSlf3bgSanOhhsPEvDVBbcMVg/132', 0, 0, NULL, '', 0.00, 12, 1, 1, 1605878014, 1608862771, '123.7.16.62', 0, '223.90.112.80', 1605878014, 1605878014, 1608862771, '', 'normal', '', 0, 0, 0, '', 0, 0, NULL, NULL, NULL, NULL, '0', NULL, NULL, 0, 0, NULL, NULL, NULL, 0, '488245', 12, NULL, 'http://peisen.nyjianzhan.com/uploads/mobileimg/homepage_image.png', 0.00, NULL, 0.00, NULL, NULL, 1, 1, 1, 1, 1);
INSERT INTO `fa_user` VALUES (324, 0, 'u324', 'Marici', 'd15c529eb3a1f14e979be63e060c9014', 'LgORvY', 'u324@peisen.nyjianzhan.com', '13552153259', 'http://psjy.oss-cn-beijing.aliyuncs.com/uploads/20201231/20201231160937976113476.png', 0, 1, '2020-12-31', '', 2505.95, 17262, 1, 3, 1619752805, 1622177142, '120.244.140.70', 0, '223.20.186.60', 1605878508, 1605878508, 1622177142, '', 'normal', '', 0, 0, 0, '', 0, 0, NULL, NULL, NULL, '', '0', '', '', 0, 16, NULL, NULL, NULL, 245, '788222', 37083, 1618560693, 'http://peisen.nyjianzhan.com/uploads/mobileimg/homepage_image.png', 0.00, NULL, 0.00, '8bf2f5ebe2ed984b28bc6965219a7f5a', NULL, 1, 1, 1, 1, 1);
INSERT INTO `fa_user` VALUES (325, 0, '17633601163', 'namesunamesu', '5eadc140b2075b01d6c614627a1d1568', 'O6PYUZ', '17633601163@139.com', '17633601163', 'http://psjy.oss-cn-beijing.aliyuncs.com/uploads/20201216/20201216160810676376575.png', 0, 0, '2020-12-18', '', 10.00, 60101, 1, 6, 1611546698, 1611554584, '61.158.146.135', 0, '115.52.151.123', 1606525227, 1606525227, 1611554584, '', 'normal', '', 0, 0, 0, '', 0, 1, NULL, NULL, NULL, '', '0', '', '', 0, 48, NULL, NULL, NULL, 70, '478004', 60151, 1608203247, 'http://peisen.nyjianzhan.com/uploads/mobileimg/homepage_image.png', 0.00, NULL, 0.00, NULL, NULL, 1, 1, 1, 1, 1);
INSERT INTO `fa_user` VALUES (329, 0, '1589085110502', '15890850502', '44cb5acb64f15c4bdb6ce16e5fd6bb59', '7gvCY2', '', '15890811502', 'http://peisen.nyjianzhan.com/uploads/mobileimg/avatar_mobile.png', 0, 0, NULL, '', 0.00, 13, 1, 1, 1606557254, 1606557578, '222.142.131.38', 0, '115.52.151.123', 1606553290, 1606553290, 1606557578, '', 'normal', '', 0, 0, 0, '', 0, 1, NULL, NULL, NULL, '', '0', '', '', 0, 1, NULL, NULL, NULL, 0, '', 13, NULL, 'http://peisen.nyjianzhan.com/uploads/mobileimg/homepage_image.png', 0.00, NULL, 0.00, NULL, NULL, 1, 1, 1, 1, 1);
INSERT INTO `fa_user` VALUES (330, 0, '158910502', '15890850502', '5792986d672a47f189e8b119f80245bd', 'wLDjsE', '', '1583850502', 'http://peisen.nyjianzhan.com/uploads/mobileimg/avatar_mobile.png', 0, 0, NULL, '', 0.00, 10, 1, 1, 1606557635, 1606557635, '222.142.131.38', 0, '222.142.131.38', 1606557635, 1606557635, 1606557635, '', 'normal', '', 0, 0, 0, '', 0, 0, NULL, NULL, NULL, NULL, '0', NULL, NULL, 0, 0, NULL, NULL, NULL, 0, '', 10, NULL, 'http://peisen.nyjianzhan.com/uploads/mobileimg/homepage_image.png', 0.00, NULL, 0.00, NULL, NULL, 1, 1, 1, 1, 1);
INSERT INTO `fa_user` VALUES (332, 0, '15890850999', '15890850999', '11429ad697a02950ccbe1df9a4cd1e2d', 'y2aAd8', '', '15890850999', 'http://peisen.nyjianzhan.com/uploads/mobileimg/avatar_mobile.png', 0, 0, NULL, '', 0.00, 43, 1, 1, 1606609899, 1606609899, '115.49.84.92', 0, '115.49.84.92', 1606609899, 1606609899, 1606610507, '', 'normal', '', 0, 0, 0, '', 0, 0, NULL, NULL, NULL, NULL, '0', NULL, NULL, 0, 1, NULL, NULL, NULL, 0, '', 43, NULL, 'http://psjy.oss-cn-beijing.aliyuncs.com/uploads/20201129/20201129160661050617781.png', 0.00, NULL, 0.00, NULL, NULL, 1, 1, 1, 1, 1);
INSERT INTO `fa_user` VALUES (333, 0, '17633601164', '17633601164', '35a784440c84632435e4e0b4be97c61d', 'hIFPtj', '', '17633601164', 'http://peisen.nyjianzhan.com/uploads/mobileimg/avatar_mobile.png', 0, 0, NULL, '', 0.00, 19, 1, 1, 1606613742, 1606619201, '115.49.84.92', 0, '222.142.131.38', 1606610604, 1606610604, 1606619201, '', 'normal', '', 0, 0, 0, '', 0, 0, NULL, NULL, NULL, NULL, '0', NULL, NULL, 0, 3, NULL, NULL, NULL, 0, '', 19, NULL, 'http://peisen.nyjianzhan.com/uploads/mobileimg/homepage_image.png', 0.00, NULL, 0.00, NULL, NULL, 1, 1, 1, 1, 1);
INSERT INTO `fa_user` VALUES (334, 0, '15890856565', '15890856565', '7c4f47d4684040bee8a6d46548abc280', 'YfbPXW', '', '15890856565', 'http://peisen.nyjianzhan.com/uploads/mobileimg/avatar_mobile.png', 0, 0, NULL, '', 0.00, 13, 1, 1, 1606611345, 1606611345, '115.49.84.92', 0, '115.49.84.92', 1606611345, 1606611345, 1606611345, '', 'normal', '', 0, 0, 0, '', 0, 0, NULL, NULL, NULL, NULL, '0', NULL, NULL, 0, 1, NULL, NULL, NULL, 0, '', 13, NULL, 'http://peisen.nyjianzhan.com/uploads/mobileimg/homepage_image.png', 0.00, NULL, 0.00, NULL, NULL, 1, 1, 1, 1, 1);
INSERT INTO `fa_user` VALUES (335, 0, '17633601165', '17633601165', '43c3ff651237f81a1852a6ddca2f3e27', '8iB30R', '', '17633601165', 'http://peisen.nyjianzhan.com/uploads/mobileimg/avatar_mobile.png', 0, 0, NULL, '', 0.00, 19, 1, 1, 1606611687, 1606611687, '222.142.131.38', 0, '222.142.131.38', 1606611687, 1606611687, 1606611687, '', 'normal', '', 0, 0, 0, '', 0, 0, NULL, NULL, NULL, NULL, '0', NULL, NULL, 0, 1, NULL, NULL, NULL, 0, '', 19, NULL, 'http://peisen.nyjianzhan.com/uploads/mobileimg/homepage_image.png', 0.00, NULL, 0.00, NULL, NULL, 1, 1, 1, 1, 1);
INSERT INTO `fa_user` VALUES (336, 0, '17633601166', '17633601166', '22e6ee8fd5a48bddef621ba557286106', '0Wg5l2', '', '17633601166', 'http://peisen.nyjianzhan.com/uploads/mobileimg/avatar_mobile.png', 0, 0, NULL, '', 0.00, 13, 1, 1, 1606615127, 1606621465, '115.49.84.92', 0, '222.142.131.38', 1606614840, 1606614840, 1606621465, '', 'normal', '', 0, 0, 0, '', 0, 0, NULL, NULL, NULL, NULL, '0', NULL, NULL, 0, 1, NULL, NULL, NULL, 0, '', 13, NULL, 'http://peisen.nyjianzhan.com/uploads/mobileimg/homepage_image.png', 0.00, NULL, 0.00, NULL, NULL, 1, 1, 1, 1, 1);
INSERT INTO `fa_user` VALUES (337, 0, '17633601167', '17633601167', '025837cc77c43245bab0f0bb36968182', 'XJ1o6p', '', '17633601167', 'http://peisen.nyjianzhan.com/uploads/mobileimg/avatar_mobile.png', 0, 0, NULL, '', 0.00, 19, 1, 1, 1606615155, 1606615155, '222.142.131.38', 0, '222.142.131.38', 1606615155, 1606615155, 1606615155, '', 'normal', '', 0, 0, 0, '', 0, 0, NULL, NULL, NULL, NULL, '0', NULL, NULL, 0, 3, NULL, NULL, NULL, 0, '', 19, NULL, 'http://peisen.nyjianzhan.com/uploads/mobileimg/homepage_image.png', 0.00, NULL, 0.00, NULL, NULL, 1, 1, 1, 1, 1);
INSERT INTO `fa_user` VALUES (338, 0, '17633601168', '17633601168', '039a8fe50f9855fb638fe029df082bea', '36wcWI', '', '17633601168', 'http://peisen.nyjianzhan.com/uploads/mobileimg/avatar_mobile.png', 0, 0, NULL, '', 0.00, 16, 1, 1, 1606615329, 1606615329, '222.142.131.38', 0, '222.142.131.38', 1606615329, 1606615329, 1606615329, '', 'normal', '', 0, 0, 0, '', 0, 0, NULL, NULL, NULL, NULL, '0', NULL, NULL, 0, 2, NULL, NULL, NULL, 0, '', 16, NULL, 'http://peisen.nyjianzhan.com/uploads/mobileimg/homepage_image.png', 0.00, NULL, 0.00, NULL, NULL, 1, 1, 1, 1, 1);
INSERT INTO `fa_user` VALUES (339, 0, '15890850522', '各户', '58390cd586c07b76003a3d973d18603b', 'IWhYXc', '', '15890850522', 'http://psjy.oss-cn-beijing.aliyuncs.com/uploads/20201129/20201129160663532518486.png', 0, 0, '2020-11-29', '', 0.00, 32, 1, 1, 1606635237, 1607049165, '42.229.250.205', 0, '115.49.84.92', 1606635237, 1606635237, 1607049165, '', 'normal', '', 0, 0, 0, '', 0, 0, NULL, NULL, NULL, NULL, '0', NULL, NULL, 0, 1, NULL, NULL, NULL, 0, '', 32, NULL, 'http://peisen.nyjianzhan.com/uploads/mobileimg/homepage_image.png', 0.00, NULL, 0.00, NULL, NULL, 1, 1, 1, 1, 1);
INSERT INTO `fa_user` VALUES (340, 0, '15890858585', '阿德', 'b0676da7fbdff9989fda1bd9b0c4f326', '4w1RIa', '', '15890858585', 'http://peisen.nyjianzhan.com/uploads/mobileimg/avatar_mobile.png', 0, 0, '2020-11-29', '', 184.00, 49, 1, 1, 1606645531, 1606650352, '115.49.84.92', 0, '115.49.84.92', 1606645200, 1606645200, 1606650352, '', 'normal', '', 0, 0, 0, '', 0, 0, NULL, NULL, NULL, NULL, '0', NULL, NULL, 0, 1, NULL, NULL, NULL, 0, '', 69, NULL, 'http://peisen.nyjianzhan.com/uploads/mobileimg/homepage_image.png', 0.00, NULL, 0.00, NULL, NULL, 1, 1, 1, 1, 1);
INSERT INTO `fa_user` VALUES (341, 0, '17643641913', '17643641913', '382f0d59604a20ddb7ba2ce11b4b28d0', 'iHcp5S', '', '17643641913', 'http://peisen.nyjianzhan.com/uploads/mobileimg/avatar_mobile.png', 0, 0, NULL, '', 0.00, 26, 1, 1, 1606664772, 1606959584, '120.244.140.252', 0, '111.194.49.189', 1606664772, 1606664772, 1606959584, '', 'normal', '', 0, 0, 0, '', 0, 0, NULL, NULL, NULL, NULL, '0', NULL, NULL, 0, 4, NULL, NULL, NULL, 0, '', 26, NULL, 'http://peisen.nyjianzhan.com/uploads/mobileimg/homepage_image.png', 0.00, NULL, 0.00, NULL, NULL, 1, 1, 1, 1, 1);
INSERT INTO `fa_user` VALUES (342, 0, 'u342', 'namesu', 'a66a3055795fa0c38d40fc6aa2a7a664', '4yv3Qj', 'u342@peisen.nyjianzhan.com', '', 'https://thirdwx.qlogo.cn/mmopen/vi_32/34ckbHMicFzG6LqQ619xXFicEThyhia4SNLbIqXJQFIxepP64wguuSO7W2LdnLrSLu6Rib0Z1nfv6CGc7rcw7T063A/132', 0, 0, NULL, '', 0.00, 10, 1, 2, 1607565033, 1607568376, '61.158.147.212', 0, '115.52.149.134', 1606783066, 1606783066, 1607568376, '', 'normal', '', 0, 0, 0, '', 0, 0, NULL, NULL, NULL, NULL, '0', NULL, NULL, 0, 0, NULL, NULL, NULL, 0, '533300', 10, NULL, 'http://peisen.nyjianzhan.com/uploads/mobileimg/homepage_image.png', 0.00, NULL, 0.00, NULL, NULL, 1, 1, 1, 1, 1);
INSERT INTO `fa_user` VALUES (343, 0, 'u343', 'namesu', 'bf622d1037902ec109abcd906a65d17d', 'AS7qJt', 'u343@peisen.nyjianzhan.com', '', 'https://thirdwx.qlogo.cn/mmopen/vi_32/6pVibWocQNNwIFzrUaycIVhjg4QxeibOicQxaK2ibUO6EANmt9q8sgkkpBwFd5vKHjMNLzyzAZoxicTzUYj0SicZvKzw/132', 0, 0, NULL, '', 0.00, 10, 1, 1, 1606784036, 1607563722, '61.158.147.212', 0, '115.52.149.134', 1606784036, 1606784036, 1607563722, '', 'normal', '', 0, 0, 0, '', 0, 0, NULL, NULL, NULL, NULL, '0', NULL, NULL, 0, 0, NULL, NULL, NULL, 0, '893462', 10, NULL, 'http://peisen.nyjianzhan.com/uploads/mobileimg/homepage_image.png', 0.00, NULL, 0.00, NULL, NULL, 1, 1, 1, 1, 1);
INSERT INTO `fa_user` VALUES (344, 0, '15890899999', '15890899999', 'bb94a32d690fe2d1a638cbe8b1fb5370', 'hnzlu7', '', '15890899999', 'http://peisen.nyjianzhan.com/uploads/mobileimg/avatar_mobile.png', 0, 0, NULL, '', 0.00, 13, 1, 1, 1606816766, 1606816766, '61.158.146.165', 0, '61.158.146.165', 1606816766, 1606816766, 1606816766, '', 'normal', '', 0, 0, 0, '', 0, 0, NULL, NULL, NULL, NULL, '0', NULL, NULL, 0, 1, NULL, NULL, NULL, 0, '', 13, NULL, 'http://peisen.nyjianzhan.com/uploads/mobileimg/homepage_image.png', 0.00, NULL, 0.00, NULL, NULL, 1, 1, 1, 1, 1);
INSERT INTO `fa_user` VALUES (345, 0, '15789876543', '刚好', 'c51675e13957c724fc6dad48a12e077c', 'dwaEy8', '', '15789876543', 'http://peisen.nyjianzhan.com/uploads/mobileimg/avatar_mobile.png', 0, 0, NULL, '', 0.00, 60, 1, 1, 1606816843, 1606816843, '61.158.146.165', 0, '61.158.146.165', 1606816843, 1606816843, 1606816843, '', 'normal', '', 0, 0, 0, '', 0, 0, NULL, NULL, NULL, NULL, '0', NULL, NULL, 0, 1, NULL, NULL, NULL, 0, '', 60, NULL, 'http://peisen.nyjianzhan.com/uploads/mobileimg/homepage_image.png', 0.00, NULL, 0.00, NULL, NULL, 1, 1, 1, 1, 1);
INSERT INTO `fa_user` VALUES (346, 0, '13837695252', '13837695252', '2eb751bdca50cbdc838800696a97b826', '3U65Zy', '', '13837695252', 'http://peisen.nyjianzhan.com/uploads/mobileimg/avatar_mobile.png', 0, 0, NULL, '', 0.00, 15, 1, 1, 1606876223, 1607045142, '125.45.149.139', 0, '125.45.149.139', 1606876223, 1606876223, 1607045142, '', 'normal', '', 0, 0, 0, '', 0, 0, NULL, NULL, NULL, NULL, '0', NULL, NULL, 0, 0, NULL, NULL, NULL, 0, '', 15, NULL, 'http://peisen.nyjianzhan.com/uploads/mobileimg/homepage_image.png', 0.00, NULL, 0.00, NULL, NULL, 1, 1, 1, 1, 1);
INSERT INTO `fa_user` VALUES (347, 0, 'u347', '一口小白牙', 'e2cfbb7bbb1b017e12b2a1322e53cdf8', '5iOjtb', 'u347@peisen.nyjianzhan.com', '', 'https://thirdwx.qlogo.cn/mmopen/vi_32/Q0j4TwGTfTJrqPOCJVs7F8OYaSynURInLicDXQDmyQlqMLkjib8wPXFEEiahDcOFeHBnIEMb3J7IKNGeILB6f6BIg/132', 0, 0, NULL, '', 0.00, 10, 1, 1, 1606899061, 1606899061, '117.136.106.99', 0, '117.136.106.99', 1606899061, 1606899061, 1606899061, '', 'normal', '', 0, 0, 0, '', 0, 0, NULL, NULL, NULL, NULL, '0', NULL, NULL, 0, 0, NULL, NULL, NULL, 0, '860298', 10, NULL, 'http://peisen.nyjianzhan.com/uploads/mobileimg/homepage_image.png', 0.00, NULL, 0.00, NULL, NULL, 1, 1, 1, 1, 1);
INSERT INTO `fa_user` VALUES (348, 0, '17633901163', '17633901163', 'd60e1650f61c68c3605d17b20165ed7c', '7s2pui', '', '17633901163', 'http://peisen.nyjianzhan.com/uploads/mobileimg/avatar_mobile.png', 0, 0, NULL, '', 0.00, 10, 1, 1, 1606899695, 1606899695, '117.136.106.99', 0, '117.136.106.99', 1606899695, 1606899695, 1606899695, '', 'normal', '', 0, 0, 0, '', 0, 0, NULL, NULL, NULL, NULL, '0', NULL, NULL, 0, 0, NULL, NULL, NULL, 0, '', 10, NULL, 'http://peisen.nyjianzhan.com/uploads/mobileimg/homepage_image.png', 0.00, NULL, 0.00, NULL, NULL, 1, 1, 1, 1, 1);
INSERT INTO `fa_user` VALUES (349, 0, 'u349', '培森家园', 'dadf6ecf6ac3b22c0c224e8c97dd8265', 'rdNwMe', 'u349@peisen.nyjianzhan.com', '', 'https://thirdwx.qlogo.cn/mmopen/vi_32/j2H5rgTiasTsEoSumKWre9m2JvRgMCsUcgLpkwWjhmH49u9wL2RfwzCiaHMjCF9kJ91jUvhQXjLq3K2icxTKibyYHg/132', 0, 0, NULL, '', 0.00, 23, 1, 1, 1606976503, 1606976503, '120.244.140.252', 0, '120.244.140.252', 1606976503, 1606976503, 1606976503, '', 'normal', '', 0, 0, 0, '', 0, 0, NULL, NULL, NULL, NULL, '0', NULL, NULL, 0, 2, NULL, NULL, NULL, 0, '592131', 23, NULL, 'http://peisen.nyjianzhan.com/uploads/mobileimg/homepage_image.png', 0.00, NULL, 0.00, NULL, NULL, 1, 1, 1, 1, 1);
INSERT INTO `fa_user` VALUES (363, 0, 'u363', '姑娘。', '2b59fa4e56a89ea393b197defaaec3dd', 'UzQlHc', 'u363@peisen.nyjianzhan.com', '', 'https://thirdwx.qlogo.cn/mmopen/vi_32/zWKtHgUkV6VBZkicUwQAoezEcaEibmUVrw7pCJyrKMjHjUw5aLQbvzSiaicg6YAFWbPUgzAeTCyaBaGM00Xl5CW55A/132', 0, 0, NULL, '', 0.00, 16, 1, 1, 1607419757, 1607420437, '120.244.140.227', 0, '120.244.140.227', 1607419757, 1607419757, 1607420437, '', 'normal', '', 0, 0, 0, '', 0, 0, NULL, NULL, NULL, NULL, '0', NULL, NULL, 0, 2, NULL, NULL, NULL, 0, '960023', 16, NULL, 'http://peisen.nyjianzhan.com/uploads/mobileimg/homepage_image.png', 0.00, NULL, 0.00, NULL, NULL, 1, 1, 1, 1, 1);
INSERT INTO `fa_user` VALUES (364, 0, '15537733295', '15537733295', 'e581100b6981eaa3ce8546ee8e8fb3c7', 'PhxaK0', '', '15537733295', 'http://peisen.nyjianzhan.com/uploads/mobileimg/avatar_mobile.png', 0, 0, NULL, '', 0.00, 42, 1, 2, 1608876754, 1610278746, '61.158.147.139', 0, '115.49.126.143', 1607996902, 1607996902, 1610278746, '', 'normal', '', 0, 0, 0, '', 0, 0, NULL, NULL, NULL, NULL, '0', NULL, NULL, 0, 1, NULL, NULL, NULL, 0, '', 42, NULL, 'http://peisen.nyjianzhan.com/uploads/mobileimg/homepage_image.png', 0.00, NULL, 0.00, NULL, NULL, 1, 1, 1, 1, 1);
INSERT INTO `fa_user` VALUES (365, 0, 'u365', '小珍', '898b7c3cf3f9a149da0452ec36ea947c', 'gSJvUk', 'u365@peisen.nyjianzhan.com', '15890850508', 'https://thirdwx.qlogo.cn/mmopen/vi_32/Q0j4TwGTfTIdsbpIiaryKsoTcdKyGqus86Z6enxQxWN4EZkzoSiaundVfCLhzWTYn2lLbcX95sVTYEic1qIHTCCww/132', 0, 0, NULL, '', 323.40, 106, 1, 2, 1612862414, 1619775275, '115.52.159.15', 0, '42.229.255.146', 1608251766, 1608251766, 1619775275, '', 'normal', '', 0, 0, 0, '', 0, 1, NULL, NULL, NULL, '', '0', '', '', 0, 5, NULL, NULL, NULL, 14, '581272', 106, NULL, 'http://peisen.nyjianzhan.com/uploads/mobileimg/homepage_image.png', 0.00, NULL, 0.00, 'null ', NULL, 1, 1, 1, 1, 1);
INSERT INTO `fa_user` VALUES (366, 0, '18680679934', '18680679934', 'c2e42deeaa7c9c5ee30de41a0e5749c0', 'elUHBg', '', '18680679934', 'http://peisen.nyjianzhan.com/uploads/mobileimg/avatar_mobile.png', 0, 0, NULL, '', 0.00, 10, 1, 1, 1608305170, 1608305170, '120.133.133.87', 0, '120.133.133.87', 1608305170, 1608305170, 1608305170, '', 'normal', '', 0, 0, 0, '', 0, 0, NULL, NULL, NULL, NULL, '0', NULL, NULL, 0, 0, NULL, NULL, NULL, 0, '', 10, NULL, 'http://peisen.nyjianzhan.com/uploads/mobileimg/homepage_image.png', 0.00, NULL, 0.00, NULL, NULL, 1, 1, 1, 1, 1);
INSERT INTO `fa_user` VALUES (367, 0, 'u367', '微笑', '6576987201f17031e7bbd1e2095133ed', 'konI0d', 'u367@peisen.nyjianzhan.com', '', 'https://thirdwx.qlogo.cn/mmopen/vi_32/0ZIguuJjvM3Jpiab0DEFrJjgNCsicgess7wuZ4wlRPrHny7PFQARMToRdtfBY7m233ZIVB0v8Pwqe9BvLOE4TW8A/132', 0, 0, NULL, '', 0.00, 10, 1, 1, 1608342683, 1608342683, '117.136.30.53', 0, '117.136.30.53', 1608342683, 1608342683, 1608342683, '', 'normal', '', 0, 0, 0, '', 0, 0, NULL, NULL, NULL, NULL, '0', NULL, NULL, 0, 0, NULL, NULL, NULL, 0, '711837', 10, NULL, 'http://peisen.nyjianzhan.com/uploads/mobileimg/homepage_image.png', 0.00, NULL, 0.00, NULL, NULL, 1, 1, 1, 1, 1);
INSERT INTO `fa_user` VALUES (368, 0, 'u368', '萤火虫', 'fba1619a9be65cfd339b5cce788a98f6', 'Kn9lM3', 'u368@peisen.nyjianzhan.com', '', 'https://thirdwx.qlogo.cn/mmopen/vi_32/Q0j4TwGTfTKsHXJofxYo7wOOP4PSkHWhKgWCnug9MY2JBPygBq9RHcA0ecCWyVkEeLW6QMXWwgodc6ZgbVAKLw/132', 0, 0, NULL, '', 0.00, 87, 1, 2, 1622174413, 1624033285, '223.91.66.141', 0, '115.49.87.178', 1608359738, 1608359738, 1624033285, '', 'normal', '', 0, 0, 0, '', 0, 0, NULL, NULL, NULL, NULL, '0', NULL, NULL, 0, 3, NULL, NULL, NULL, 0, '512449', 87, NULL, 'http://peisen.nyjianzhan.com/uploads/mobileimg/homepage_image.png', 0.00, NULL, 0.00, 'd8521e32ff4dd65943f76889d7cde4b2', NULL, 1, 1, 1, 1, 1);
INSERT INTO `fa_user` VALUES (369, 0, 'u369', 'boom', '3482aa9965a375bb2d384a53d68d3271', 'xb3dKN', 'u369@peisen.nyjianzhan.com', '', 'https://thirdwx.qlogo.cn/mmopen/vi_32/8cE2fYcbEk16hsheSabhnicpC3aTzwJlPkd4XENZcxSlk86DBK7RADtKdgLzZ6SEuZiaPzuUqPia574TJIZv95rrw/132', 0, 0, NULL, '', 0.00, 10, 1, 1, 1608522199, 1608522199, '139.159.170.14', 0, '139.159.170.14', 1608522199, 1608522199, 1608522199, '', 'normal', '', 0, 0, 0, '', 0, 0, NULL, NULL, NULL, NULL, '0', NULL, NULL, 0, 0, NULL, NULL, NULL, 0, '636987', 10, NULL, 'http://peisen.nyjianzhan.com/uploads/mobileimg/homepage_image.png', 0.00, NULL, 0.00, NULL, NULL, 1, 1, 1, 1, 1);
INSERT INTO `fa_user` VALUES (370, 0, '17328407710', '17328407710', '37c911eb7dc4c624d53834bc25622d91', '5KDfPT', '', '17328407710', 'http://peisen.nyjianzhan.com/uploads/mobileimg/avatar_mobile.png', 0, 0, NULL, '', 0.00, 10, 1, 1, 1608542640, 1608542640, '103.220.76.181', 0, '103.220.76.181', 1608542640, 1608542640, 1608542640, '', 'normal', '', 0, 0, 0, '', 0, 0, NULL, NULL, NULL, NULL, '0', NULL, NULL, 0, 0, NULL, NULL, NULL, 0, '', 10, NULL, 'http://peisen.nyjianzhan.com/uploads/mobileimg/homepage_image.png', 0.00, NULL, 0.00, NULL, NULL, 1, 1, 1, 1, 1);
INSERT INTO `fa_user` VALUES (371, 0, '15868940195', '15868940195', 'c19dbb706f9e8a7a5984c26675f9035c', '52Rman', '', '15868940195', 'http://peisen.nyjianzhan.com/uploads/mobileimg/avatar_mobile.png', 0, 0, NULL, '', 0.00, 13, 1, 1, 1608550296, 1608550296, '115.239.192.206', 0, '115.239.192.206', 1608550296, 1608550296, 1608550296, '', 'normal', '', 0, 0, 0, '', 0, 0, NULL, NULL, NULL, NULL, '0', NULL, NULL, 0, 1, NULL, NULL, NULL, 0, '', 13, NULL, 'http://peisen.nyjianzhan.com/uploads/mobileimg/homepage_image.png', 0.00, NULL, 0.00, NULL, NULL, 1, 1, 1, 1, 1);
INSERT INTO `fa_user` VALUES (372, 0, 'u372', 'Paradox_Chan', 'c8cad35f2094485976d1654bac2f39de', 'xh7YAJ', 'u372@peisen.nyjianzhan.com', '', 'https://thirdwx.qlogo.cn/mmopen/vi_32/Q0j4TwGTfTLurjptxXMnhfLOtiaRoD3f4GR6PCicDRBuaLm9gsbWN8PMHofiabaY0ghmxycgg0uH4AgnsQTfHhVGg/132', 0, 0, NULL, '', 0.00, 10, 1, 1, 1622177090, 1622177112, '120.244.140.70', 0, '223.88.3.211', 1608607197, 1608607197, 1622177112, '', 'normal', '', 0, 0, 0, '', 0, 0, NULL, NULL, NULL, NULL, '0', NULL, NULL, 0, 0, NULL, NULL, NULL, 0, '236035', 10, NULL, 'http://peisen.nyjianzhan.com/uploads/mobileimg/homepage_image.png', 0.00, NULL, 0.00, NULL, NULL, 1, 1, 1, 1, 1);
INSERT INTO `fa_user` VALUES (374, 0, 'u374', 'Vivi猫', '82323ab54d202e4dad31a923b9475eee', 'g8CWXM', 'u374@peisen.nyjianzhan.com', '', 'https://thirdwx.qlogo.cn/mmopen/vi_32/RVgoywqdiaoSwDgtVUmB4t81prMWqg9gXrgLTvWD8cevZkd25lBS6iapUxDNeMWrM2IgEX8iafo8omSrW9pvxoEKw/132', 0, 1, NULL, '', 0.00, 48, 1, 1, 1609219235, 1617677797, '120.244.140.67', 0, '223.104.39.43', 1608788842, 1608788842, 1617677797, '', 'normal', '', 0, 0, 0, '', 0, 0, NULL, NULL, NULL, NULL, '0', NULL, NULL, 0, 0, NULL, NULL, NULL, 26, '282843', 48, NULL, 'http://peisen.nyjianzhan.com/uploads/mobileimg/homepage_image.png', 0.00, NULL, 0.00, '694e655024412801d8e0489d3457d051', NULL, 1, 1, 1, 1, 1);
INSERT INTO `fa_user` VALUES (375, 0, '19939343013', '19939343013', 'bb5213403ed53fa2b73c0443b88b534e', 'dplB1W', '', '19939343013', 'http://peisen.nyjianzhan.com/uploads/mobileimg/avatar_mobile.png', 2, 0, NULL, '', 0.00, 16, 1, 1, 1608863310, 1608863310, '106.33.15.196', 0, '106.33.15.196', 1608863310, 1608863310, 1608863310, '', 'normal', '', 0, 0, 0, '', 0, 0, NULL, NULL, NULL, '', '0', '', '', 0, 0, NULL, NULL, NULL, 5, '', 16, NULL, 'http://peisen.nyjianzhan.com/uploads/mobileimg/homepage_image.png', 0.00, NULL, 0.00, NULL, NULL, 1, 1, 1, 1, 1);
INSERT INTO `fa_user` VALUES (376, 0, '13718556623', '四个娃儿的妈', 'e763fa124f88a54317c38ad71d52140d', 'ib9YXs', '', '13718556623', 'http://psjy.oss-cn-beijing.aliyuncs.com/uploads/20201225/20201225160887522446414.png', 0, 1, '1990-12-25', '', 1892.90, 167, 1, 2, 1615979652, 1622468350, '111.193.208.41', 0, '120.244.140.224', 1608875167, 1608875167, 1622468350, '', 'normal', '', 0, 0, 0, '', 0, 0, NULL, NULL, NULL, NULL, '0', NULL, NULL, 0, 0, NULL, NULL, NULL, 45, '', 167, NULL, 'http://peisen.nyjianzhan.com/uploads/mobileimg/homepage_image.png', 0.00, NULL, 0.00, '06d94fced9b9a06ab9f729a6f392cbe4', NULL, 1, 1, 1, 1, 1);
INSERT INTO `fa_user` VALUES (377, 0, 'u377', 'z先生', 'e308dd9525dd5a485e8ba1776ae2e90c', 'afnDR3', 'u377@peisen.nyjianzhan.com', '', 'https://thirdwx.qlogo.cn/mmopen/vi_32/PTLfK4yJEbbecCjH5iakgoN71pg6BMGVsuk1Yc5hicIibw4OtmVRW4Sldw94ZtibodVoJia54rBPicrOvYeakq09YKMQ/132', 0, 0, NULL, '', 0.00, 168, 1, 1, 1622714028, 1622714031, '120.244.140.2', 0, '120.244.140.224', 1608875356, 1608875356, 1622714031, '', 'normal', '', 0, 0, 0, '', 0, 0, NULL, NULL, NULL, NULL, '0', NULL, NULL, 0, 8, NULL, NULL, NULL, 15, '509745', 168, NULL, 'http://peisen.nyjianzhan.com/uploads/mobileimg/homepage_image.png', 0.00, NULL, 0.00, 'e61ca713c49ce66558c53dc13ec2a2c5', NULL, 1, 1, 1, 1, 1);
INSERT INTO `fa_user` VALUES (378, 0, '13810790753', '大蒙蒙????', '247d0e5788b5a037e5ba97a317f43907', '8Dw43W', '', '13810790753', 'http://psjy.oss-cn-beijing.aliyuncs.com/uploads/20201229/20201229160921792452900.png', 0, 1, '1995-11-20', '', 0.00, 198, 1, 1, 1608875870, 1608875870, '125.34.75.242', 0, '125.34.75.242', 1608875870, 1608875870, 1608875870, '', 'normal', '', 0, 0, 0, '', 0, 0, NULL, NULL, NULL, NULL, '0', NULL, NULL, 0, 0, NULL, NULL, NULL, 43, '', 198, NULL, 'http://peisen.nyjianzhan.com/uploads/mobileimg/homepage_image.png', 0.00, NULL, 0.00, NULL, NULL, 1, 1, 1, 1, 1);
INSERT INTO `fa_user` VALUES (379, 0, 'u379', '培森家园', '01dece214a64970574117e0566f8c73f', 'Ej6qQK', 'u379@peisen.nyjianzhan.com', '', 'https://thirdwx.qlogo.cn/mmopen/vi_32/rqwPP0vJOicQXf6Wgbk3Y6820C0zdqEvAugMuf6mUVdzWOqgsRtWBquHIrqiczqmyT6f0r2AGSoicLb49bOnMhDgw/132', 0, 0, NULL, '', 0.00, 20, 1, 1, 1614664600, 1622175750, '221.222.180.75', 0, '125.34.75.242', 1608876849, 1608876849, 1622175750, '', 'normal', '', 0, 0, 0, '', 0, 0, NULL, NULL, NULL, NULL, '0', NULL, NULL, 0, 0, NULL, NULL, NULL, 0, '884110', 20, NULL, 'http://peisen.nyjianzhan.com/uploads/mobileimg/homepage_image.png', 0.00, NULL, 0.00, NULL, NULL, 1, 1, 1, 1, 1);
INSERT INTO `fa_user` VALUES (380, 0, '17600030789', '无心', 'ed2ff11f21c0e09996b5f223d35fbc25', 'KQ3E7g', '', '17600030789', 'http://peisen.nyjianzhan.com/uploads/mobileimg/avatar_mobile.png', 0, 1, '1997-03-06', '', 0.00, 244, 1, 1, 1608947412, 1610010970, '221.222.191.238', 0, '125.34.75.242', 1608947412, 1608947412, 1610010970, '', 'normal', '', 0, 0, 0, '', 0, 0, NULL, NULL, NULL, NULL, '0', NULL, NULL, 0, 2, NULL, NULL, NULL, 10, '', 244, NULL, 'http://peisen.nyjianzhan.com/uploads/mobileimg/homepage_image.png', 0.00, NULL, 0.00, NULL, NULL, 1, 1, 1, 1, 1);
INSERT INTO `fa_user` VALUES (381, 0, '15652023826', '秦阿鱼', 'fdf38735af128929e2bbd8aedb780a74', 'QO7od0', '', '15652023826', 'http://psjy.oss-cn-beijing.aliyuncs.com/uploads/20201229/20201229160925522482934.png', 0, 0, '1998-05-22', '', 0.00, 158, 1, 1, 1610013625, 1611564995, '221.222.190.189', 0, '125.34.75.242', 1608947580, 1608947580, 1611564995, '', 'normal', '', 0, 0, 0, '', 0, 0, NULL, NULL, NULL, NULL, '0', NULL, NULL, 0, 2, NULL, NULL, NULL, 0, '', 158, NULL, 'http://peisen.nyjianzhan.com/uploads/mobileimg/homepage_image.png', 0.00, NULL, 0.00, NULL, NULL, 1, 1, 1, 1, 1);
INSERT INTO `fa_user` VALUES (382, 0, '18518642637', '哼哼', '67ad76eb917796be4dd192819617d554', 'CO3RU2', '', '18518642637', 'http://psjy.oss-cn-beijing.aliyuncs.com/uploads/20201227/20201227160905306882083.png', 0, 0, NULL, '', 0.00, 314, 1, 2, 1619349174, 1622173848, '221.222.180.75', 0, '125.34.75.242', 1608948483, 1608948483, 1622173848, '', 'normal', '', 0, 0, 0, '', 0, 0, NULL, NULL, NULL, NULL, '0', NULL, NULL, 0, 12, NULL, NULL, NULL, 18, '', 314, NULL, 'http://peisen.nyjianzhan.com/uploads/mobileimg/homepage_image.png', 0.00, NULL, 0.00, NULL, NULL, 1, 1, 1, 1, 1);
INSERT INTO `fa_user` VALUES (383, 0, '15699839071', '木木90', '3de7b3f605bf07a0e7f3854e11b14863', 'mNJOba', '', '15699839071', 'http://psjy.oss-cn-beijing.aliyuncs.com/uploads/20201226/20201226160896795825016.png', 0, 0, '1986-12-26', '', 0.00, 307, 1, 2, 1612153527, 1615960670, '120.244.140.13', 0, '124.64.19.190', 1608952422, 1608952422, 1615960670, '', 'normal', '', 0, 0, 0, '', 0, 0, NULL, NULL, NULL, NULL, '0', NULL, NULL, 0, 2, NULL, NULL, NULL, 90, '', 307, NULL, 'http://peisen.nyjianzhan.com/uploads/mobileimg/homepage_image.png', 0.00, NULL, 0.00, NULL, NULL, 1, 1, 1, 1, 1);
INSERT INTO `fa_user` VALUES (384, 0, '15701621128', '宠爱', 'aa503d8bf86740f8b6524e5765f59d6c', 'qBlu2a', '', '15701621128', 'http://psjy.oss-cn-beijing.aliyuncs.com/uploads/20201227/20201227160905506788433.png', 0, 0, '1993-12-27', '', 0.00, 106, 1, 1, 1609055003, 1610014064, '221.222.191.238', 0, '125.34.75.242', 1609055003, 1609055003, 1610014064, '', 'normal', '', 0, 0, 0, '', 0, 0, NULL, NULL, NULL, NULL, '0', NULL, NULL, 0, 1, NULL, NULL, NULL, 0, '', 106, NULL, 'http://peisen.nyjianzhan.com/uploads/mobileimg/homepage_image.png', 0.00, NULL, 0.00, NULL, NULL, 1, 1, 1, 1, 1);
INSERT INTO `fa_user` VALUES (385, 0, '17666669484', '17666669484', 'b9d859af29690b1105dc598ada8f8056', 'Bf7vK4', '', '17666669484', 'http://peisen.nyjianzhan.com/uploads/mobileimg/avatar_mobile.png', 0, 0, NULL, '', 0.00, 10, 1, 1, 1609058428, 1609058428, '124.64.18.100', 0, '124.64.18.100', 1609058428, 1609058428, 1609058428, '', 'normal', '', 0, 0, 0, '', 0, 0, NULL, NULL, NULL, NULL, '0', NULL, NULL, 0, 0, NULL, NULL, NULL, 0, '', 10, NULL, 'http://peisen.nyjianzhan.com/uploads/mobileimg/homepage_image.png', 0.00, NULL, 0.00, NULL, NULL, 1, 1, 1, 1, 1);
INSERT INTO `fa_user` VALUES (386, 0, '17550312195', '17550312195', 'd97b5e91bc5df99361d68ffcb682d5fb', 'yD7sRh', '', '17550312195', 'http://peisen.nyjianzhan.com/uploads/mobileimg/avatar_mobile.png', 0, 0, NULL, '', 0.00, 10, 1, 1, 1609160924, 1609161560, '61.158.147.23', 0, '61.158.147.23', 1609160924, 1609160924, 1609161560, '', 'normal', '', 0, 0, 0, '', 0, 0, NULL, NULL, NULL, NULL, '0', NULL, NULL, 0, 0, NULL, NULL, NULL, 0, '', 10, NULL, 'http://peisen.nyjianzhan.com/uploads/mobileimg/homepage_image.png', 0.00, NULL, 0.00, NULL, NULL, 1, 1, 1, 1, 1);
INSERT INTO `fa_user` VALUES (387, 0, '13720086623', '13720086623', 'cd2973f2a210fda5ac8f2f0ec3d1ca91', 'Y2CWQx', '', '13720086623', 'http://peisen.nyjianzhan.com/uploads/mobileimg/avatar_mobile.png', 0, 0, NULL, '', 0.00, 10, 1, 1, 1609162780, 1612712575, '223.90.121.202', 0, '221.219.105.32', 1609162780, 1609162780, 1612712575, '', 'normal', '', 0, 0, 0, '', 0, 0, NULL, NULL, NULL, NULL, '0', NULL, NULL, 0, 0, NULL, NULL, NULL, 0, '', 10, NULL, 'http://peisen.nyjianzhan.com/uploads/mobileimg/homepage_image.png', 0.00, NULL, 0.00, NULL, NULL, 1, 1, 1, 1, 1);
INSERT INTO `fa_user` VALUES (388, 0, 'u388', '十言', 'b77c5041015fd549dc636e58470e5316', 'BAxWiq', 'u388@peisen.nyjianzhan.com', '', 'https://thirdwx.qlogo.cn/mmopen/vi_32/WXCpbfF2BAQvcWibnXAWTIZaRzufUI4BmhmryqpFqpB6MavbQcblj9dUP3k37nTwrnMQkQbkb32WG89Bj7SFj1A/132', 0, 0, NULL, '', 0.00, 166, 1, 1, 1609207350, 1613406764, '124.64.18.211', 0, '120.244.140.242', 1609207350, 1609207350, 1613406764, '', 'normal', '', 0, 0, 0, '', 0, 0, NULL, NULL, NULL, NULL, '0', NULL, NULL, 0, 0, NULL, NULL, NULL, 28, '200313', 166, NULL, 'http://peisen.nyjianzhan.com/uploads/mobileimg/homepage_image.png', 0.00, NULL, 0.00, NULL, NULL, 1, 1, 1, 1, 1);
INSERT INTO `fa_user` VALUES (389, 0, '17629027998', '無', 'c05d2bced680e08e028a90a4080e114a', 'TgtOUa', '', '17629027998', 'http://psjy.oss-cn-beijing.aliyuncs.com/uploads/20210408/20210408161787021286840.png', 5, 0, '2021-02-09', '', 5428.30, 89966, 1, 5, 1623986990, 1624241008, '120.244.140.124', 0, '113.46.23.99', 1609214224, 1609214224, 1624241008, '', 'normal', '', 0, 0, 0, '', 0, 0, NULL, NULL, NULL, NULL, '0', NULL, NULL, 0, 33, NULL, NULL, NULL, 35, '', 89966, 1622533854, 'http://peisen.nyjianzhan.com/uploads/mobileimg/homepage_image.png', 3819.70, NULL, 0.00, 'b7445fef7c56fab85b8ebfbbb73d82e6', NULL, 1, 1, 1, 1, 1);
INSERT INTO `fa_user` VALUES (390, 0, '18732681023', '18732681023', '6f015d6d99deff8ce4b57dc471aa67e7', 'XHtD8e', '', '18732681023', 'http://peisen.nyjianzhan.com/uploads/mobileimg/avatar_mobile.png', 0, 0, NULL, '', 0.00, 12, 1, 1, 1609221930, 1609221930, '60.10.12.99', 0, '60.10.12.99', 1609221930, 1609221930, 1609221930, '', 'normal', '', 0, 0, 0, '', 0, 0, NULL, NULL, NULL, NULL, '0', NULL, NULL, 0, 0, NULL, NULL, NULL, 0, '', 12, NULL, 'http://peisen.nyjianzhan.com/uploads/mobileimg/homepage_image.png', 0.00, NULL, 0.00, NULL, NULL, 1, 1, 1, 1, 1);
INSERT INTO `fa_user` VALUES (391, 0, '18810759938', '18810759938', '8bd02abdbc8951e227b7cd3e4bb5336f', '1X0FEe', '', '18810759938', 'http://peisen.nyjianzhan.com/uploads/mobileimg/avatar_mobile.png', 0, 0, NULL, '', 0.00, 13, 1, 1, 1609238004, 1609238004, '117.136.0.117', 0, '117.136.0.117', 1609238004, 1609238004, 1609238004, '', 'normal', '', 0, 0, 0, '', 0, 0, NULL, NULL, NULL, NULL, '0', NULL, NULL, 0, 1, NULL, NULL, NULL, 0, '', 13, NULL, 'http://peisen.nyjianzhan.com/uploads/mobileimg/homepage_image.png', 0.00, NULL, 0.00, NULL, NULL, 1, 1, 1, 1, 1);
INSERT INTO `fa_user` VALUES (392, 0, '13526060049', '13526060049', 'b9ecc0dae7818c8f994c6f0d2ce6386d', 'fBLSeo', '', '13526060049', 'http://peisen.nyjianzhan.com/uploads/mobileimg/avatar_mobile.png', 0, 0, NULL, '', 0.00, 10, 1, 1, 1609592963, 1609592963, '39.144.24.236', 0, '39.144.24.236', 1609592963, 1609592963, 1609592963, '', 'normal', '', 0, 0, 0, '', 0, 0, NULL, NULL, NULL, NULL, '0', NULL, NULL, 0, 0, NULL, NULL, NULL, 0, '', 10, NULL, 'http://peisen.nyjianzhan.com/uploads/mobileimg/homepage_image.png', 0.00, NULL, 0.00, NULL, NULL, 1, 1, 1, 1, 1);
INSERT INTO `fa_user` VALUES (393, 0, '17633647748', '测试账号', '16c6c19c69ce050cd431812ab4c6e71e', 'I490mk', '', '17633647748', 'http://peisen.nyjianzhan.com/uploads/mobileimg/avatar_mobile.png', 0, 0, NULL, '', 605.00, 251, 4, 4, 1611210289, 1611210312, '61.158.146.105', 0, '171.10.138.86', 1609811613, 1609811613, 1611210312, '', 'normal', '', 0, 0, 0, '', 0, 1, NULL, NULL, NULL, '', '0', '', '', 0, 7, NULL, NULL, NULL, 0, '', 251, NULL, 'http://peisen.nyjianzhan.com/uploads/mobileimg/homepage_image.png', 0.00, NULL, 0.00, NULL, NULL, 1, 1, 1, 1, 1);
INSERT INTO `fa_user` VALUES (394, 0, '16638745034', '16638745034', '747f2dd8e50690c5eaf4fd83ba3c6b6d', 'Ly5fHP', '', '16638745034', 'http://peisen.nyjianzhan.com/uploads/mobileimg/avatar_mobile.png', 0, 0, NULL, '', 0.00, 18, 1, 2, 1611027523, 1611189420, '42.232.66.104', 0, '39.149.36.51', 1609816923, 1609816923, 1611189420, '', 'normal', '', 0, 0, 0, '', 0, 1, NULL, NULL, NULL, '', '0', '', '', 0, 0, NULL, NULL, NULL, 0, '', 18, NULL, 'http://peisen.nyjianzhan.com/uploads/mobileimg/homepage_image.png', 0.00, NULL, 0.00, NULL, NULL, 1, 1, 1, 1, 1);
INSERT INTO `fa_user` VALUES (395, 0, '17739290776', '17739290776', '6704a470d0e5c671e1f628a189faf9f6', 'Yc70Wj', '', '17739290776', 'http://peisen.nyjianzhan.com/uploads/mobileimg/avatar_mobile.png', 0, 0, NULL, '', 0.00, 13, 1, 3, 1610005523, 1610156896, '115.52.191.170', 0, '42.232.68.234', 1609823582, 1609823582, 1610156896, '', 'normal', '', 0, 0, 0, '', 0, 0, NULL, NULL, NULL, NULL, '0', NULL, NULL, 0, 1, NULL, NULL, NULL, 0, '', 13, NULL, 'http://peisen.nyjianzhan.com/uploads/mobileimg/homepage_image.png', 0.00, NULL, 0.00, NULL, NULL, 1, 1, 1, 1, 1);
INSERT INTO `fa_user` VALUES (396, 0, '15139096812', '15139096812', 'de8c4bdf397a12485521fbb507cabca3', 'sjkEYu', '', '15139096812', 'http://peisen.nyjianzhan.com/uploads/mobileimg/avatar_mobile.png', 0, 0, NULL, '', 0.00, 13, 1, 1, 1609916796, 1609916796, '117.136.106.4', 0, '117.136.106.4', 1609916796, 1609916796, 1609916796, '', 'normal', '', 0, 0, 0, '', 0, 0, NULL, NULL, NULL, NULL, '0', NULL, NULL, 0, 1, NULL, NULL, NULL, 0, '', 13, NULL, 'http://peisen.nyjianzhan.com/uploads/mobileimg/homepage_image.png', 0.00, NULL, 0.00, NULL, NULL, 1, 1, 1, 1, 1);
INSERT INTO `fa_user` VALUES (397, 0, '15010199939', '15010199939', '09e031ebbfd678472a14c30a9054052f', 'spDwo5', '', '15010199939', 'http://peisen.nyjianzhan.com/uploads/mobileimg/avatar_mobile.png', 0, 0, NULL, '', 0.00, 10, 1, 1, 1609927119, 1609927119, '117.136.0.54', 0, '117.136.0.54', 1609927119, 1609927119, 1609927119, '', 'normal', '', 0, 0, 0, '', 0, 0, NULL, NULL, NULL, NULL, '0', NULL, NULL, 0, 0, NULL, NULL, NULL, 0, '', 10, NULL, 'http://peisen.nyjianzhan.com/uploads/mobileimg/homepage_image.png', 0.00, NULL, 0.00, NULL, NULL, 1, 1, 1, 1, 1);
INSERT INTO `fa_user` VALUES (398, 0, '18210213719', '18210213719', '72636a784d322f12476cbccf8f3bd51a', 'S8h4Fr', '', '18210213719', 'http://peisen.nyjianzhan.com/uploads/mobileimg/avatar_mobile.png', 0, 0, NULL, '', 0.00, 10, 1, 1, 1610254591, 1610254591, '223.104.39.38', 0, '223.104.39.38', 1610254591, 1610254591, 1610254591, '', 'normal', '', 0, 0, 0, '', 0, 0, NULL, NULL, NULL, NULL, '0', NULL, NULL, 0, 0, NULL, NULL, NULL, 0, '', 10, NULL, 'http://peisen.nyjianzhan.com/uploads/mobileimg/homepage_image.png', 0.00, NULL, 0.00, NULL, NULL, 1, 1, 1, 1, 1);
INSERT INTO `fa_user` VALUES (399, 0, 'u399', '天宠张玲', 'd4214d7babe1e46d9564190faad93b5f', 'HW7b1X', 'u399@peisen.nyjianzhan.com', '', 'https://thirdwx.qlogo.cn/mmopen/vi_32/Q0j4TwGTfTI7paIUwnxWN7G7LUzoV9hOSFZT5EansEuVHgprdnVLLu8BXkI50KdFpq4XRESdUy2sdYA5AkkLnQ/132', 0, 0, NULL, '', 0.00, 10, 1, 1, 1610345599, 1610345599, '106.117.89.37', 0, '106.117.89.37', 1610345599, 1610345599, 1610345599, '', 'normal', '', 0, 0, 0, '', 0, 0, NULL, NULL, NULL, NULL, '0', NULL, NULL, 0, 0, NULL, NULL, NULL, 0, '315181', 10, NULL, 'http://peisen.nyjianzhan.com/uploads/mobileimg/homepage_image.png', 0.00, NULL, 0.00, NULL, NULL, 1, 1, 1, 1, 1);
INSERT INTO `fa_user` VALUES (400, 0, '13045693582', '13045693582', '31c07fc867ffd841c180f0c2075535fd', 'zefQmR', '', '13045693582', 'http://peisen.nyjianzhan.com/uploads/mobileimg/avatar_mobile.png', 0, 0, NULL, '', 0.00, 10, 1, 1, 1610354687, 1610354687, '114.244.120.167', 0, '114.244.120.167', 1610354687, 1610354687, 1610354687, '', 'normal', '', 0, 0, 0, '', 0, 0, NULL, NULL, NULL, NULL, '0', NULL, NULL, 0, 0, NULL, NULL, NULL, 0, '', 10, NULL, 'http://peisen.nyjianzhan.com/uploads/mobileimg/homepage_image.png', 0.00, NULL, 0.00, NULL, NULL, 1, 1, 1, 1, 1);
INSERT INTO `fa_user` VALUES (401, 0, 'u401', 'Hi', '4e951fca2ef1c9a541d2591b8ed1e4b4', 'cJQAuq', 'u401@peisen.nyjianzhan.com', '', 'https://thirdwx.qlogo.cn/mmopen/vi_32/Q0j4TwGTfTLPVZOVdgYW3QravGAicu56y6jBNaWADqxAnYuGJuvOicVGIhEXIL4zhFcBPTHzBKqgibBbg9oEoOZsw/132', 0, 0, NULL, '', 0.00, 10, 1, 1, 1610515604, 1610515604, '221.222.191.196', 0, '221.222.191.196', 1610515604, 1610515604, 1610515604, '', 'normal', '', 0, 0, 0, '', 0, 0, NULL, NULL, NULL, NULL, '0', NULL, NULL, 0, 0, NULL, NULL, NULL, 0, '892380', 10, NULL, 'http://peisen.nyjianzhan.com/uploads/mobileimg/homepage_image.png', 0.00, NULL, 0.00, NULL, NULL, 1, 1, 1, 1, 1);
INSERT INTO `fa_user` VALUES (408, 0, 'u270831', 'u270831', '78815792a459294f17a2e1551bc7c6c2', 'mrfPxY', '', '', 'http://peisen.nyjianzhan.com/uploads/mobileimg/avatar_mobile.png', 0, 0, NULL, '', 0.00, 10, 1, 2, 1610776041, 1616502815, '61.158.146.20', 0, '61.158.146.78', 1610701077, 1610701077, 1616502815, '', 'normal', '', 0, 0, 0, '', 0, 0, NULL, NULL, NULL, NULL, '0', NULL, NULL, 0, 0, NULL, '000813.49470161024243f2aea5d5e759b36748.0349', NULL, 0, '270831', 10, NULL, 'http://peisen.nyjianzhan.com/uploads/mobileimg/homepage_image.png', 0.00, NULL, 0.00, NULL, NULL, 1, 1, 1, 1, 1);
INSERT INTO `fa_user` VALUES (410, 0, '测试2', '123', '3ae5dcdbf70895734facad7a53436e10', 'mYpJ0c', '', '', 'http://psjy.oss-cn-beijing.aliyuncs.com/uploads/20210117/20210117161087004115315.png', 0, 0, NULL, '', 0.00, 30, 1, 1, 1610883521, 1610883563, '61.158.147.233', 0, '61.158.146.63', 1610868436, 1610868436, 1610883563, '', 'normal', '', 0, 0, 0, '', 0, 0, NULL, NULL, NULL, NULL, '0', NULL, NULL, 0, 0, NULL, '000849.fd3c21557bbe441cbab15b64672081a1.0727', NULL, 0, '393169', 30, NULL, 'http://peisen.nyjianzhan.com/uploads/mobileimg/homepage_image.png', 0.00, NULL, 0.00, NULL, NULL, 1, 1, 1, 1, 1);
INSERT INTO `fa_user` VALUES (411, 0, '测试3', '测试账号', 'a12db25726812f4da977d6eddfe83200', 'JQ3MBd', '', '15890850502', 'http://psjy.oss-cn-beijing.aliyuncs.com/uploads/20210310/20210310161535821260923.png', 2, 0, NULL, '', 8785.00, 42368, 1, 6, 1624098471, 1624238353, '115.49.82.136', 0, '61.158.147.129', 1610936370, 1610936370, 1624238353, '', 'normal', '', 0, 0, 0, '', 0, 0, NULL, NULL, NULL, '', '0', '', '', 0, 7, NULL, NULL, NULL, 20, '', 257946, 1625132299, 'http://peisen.nyjianzhan.com/uploads/mobileimg/homepage_image.png', 1000.00, NULL, 0.00, '7899cb8b65d303eccbbf4cf0dbb044a1', NULL, 1, 1, 1, 1, 1);
INSERT INTO `fa_user` VALUES (412, 0, '测试4', 'w', 'a9cc87aeb1c4f2a036247bbe6325c075', 'dG6AkM', 'u412@peisen.nyjianzhan.com', '', 'https://thirdwx.qlogo.cn/mmopen/vi_32/DYAIOgq83eoP1zOcJYoEysgLiaBpqD5yvjrr5EJb3Cf5dkx6dSecw703IdOSafribpgP1BTUNZicicdsLiazygsQ5yw/132', 0, 0, NULL, '', 0.00, 29, 1, 4, 1618747644, 1622177433, '124.160.214.130', 0, '61.158.147.129', 1610940606, 1610940606, 1622177433, '', 'normal', '', 0, 0, 0, '', 0, 0, NULL, NULL, NULL, NULL, '0', NULL, NULL, 0, 2, NULL, NULL, NULL, 0, '595533', 29, NULL, 'http://peisen.nyjianzhan.com/uploads/mobileimg/homepage_image.png', 0.00, NULL, 0.00, NULL, NULL, 1, 1, 1, 1, 1);
INSERT INTO `fa_user` VALUES (413, 0, 'u413', 'Davis 吴德航', '19738b33298f953e58b82a727b797cfe', 'lBi5eQ', 'u413@peisen.nyjianzhan.com', '', 'https://thirdwx.qlogo.cn/mmopen/vi_32/Q0j4TwGTfTLc3PoqaNe4QQRhIoYYvc7x8noxnsSKsnBjr0qznUFDKawGkHicCRiaynvJ40ribZGrqfAYmrGAuibxJQ/132', 0, 0, NULL, '', 0.00, 10, 1, 1, 1610952180, 1610952180, '116.234.214.211', 0, '116.234.214.211', 1610952180, 1610952180, 1610952180, '', 'normal', '', 0, 0, 0, '', 0, 0, NULL, NULL, NULL, NULL, '0', NULL, NULL, 0, 0, NULL, NULL, NULL, 0, '531640', 10, NULL, 'http://peisen.nyjianzhan.com/uploads/mobileimg/homepage_image.png', 0.00, NULL, 0.00, NULL, NULL, 1, 1, 1, 1, 1);
INSERT INTO `fa_user` VALUES (414, 0, 'u414', '牛雨荷°YH·N', 'e6bd72492b073f0bbe41d27f9c826af0', 'iKcXZz', 'u414@peisen.nyjianzhan.com', '13810713978', 'https://thirdwx.qlogo.cn/mmopen/vi_32/DYAIOgq83erdkpBeXQySW0D83V7XvlSey9llxCLlUrfvCZ5qdKKoOwJIicbQVp25IBYuUdaAo5s6sFbgrWf5JibQ/132', 2, 0, NULL, '', 0.00, 20, 1, 1, 1613549163, 1616376587, '223.104.39.55', 0, '223.104.39.5', 1611137292, 1611137292, 1616376587, '', 'normal', '', 0, 0, 0, '', 0, 0, NULL, NULL, NULL, '逍遥', '0', '柴犬', '', 0, 0, NULL, NULL, NULL, 0, '329099', 20, 1620629535, 'http://peisen.nyjianzhan.com/uploads/mobileimg/homepage_image.png', 396.50, NULL, 0.00, NULL, NULL, 1, 1, 1, 1, 1);
INSERT INTO `fa_user` VALUES (415, 0, 'Apple', 'Apple', 'ca780c0cc50e2b8f302f31a53f763549', 'nsRQVP', '', '', 'http://peisen.nyjianzhan.com/uploads/mobileimg/avatar_mobile.png', 0, 0, NULL, '', 0.00, 10, 1, 1, 1611274683, 1611274683, '17.234.80.249', 0, '17.234.80.249', 1611274683, 1611274683, 1611274683, '', 'normal', '', 0, 0, 0, '', 0, 0, NULL, NULL, NULL, NULL, '0', NULL, NULL, 0, 0, NULL, '000741.4f227db2e86044ec82b1976246dc0181.0017', NULL, 0, '374464', 10, NULL, 'http://peisen.nyjianzhan.com/uploads/mobileimg/homepage_image.png', 0.00, NULL, 0.00, NULL, NULL, 1, 1, 1, 1, 1);
INSERT INTO `fa_user` VALUES (416, 0, '17550353616', '17550353616', 'e05b89a5634f1843d49f01bd22d5a0b3', 'nDbhcS', '', '17550353616', 'http://peisen.nyjianzhan.com/uploads/mobileimg/avatar_mobile.png', 0, 0, NULL, '', 0.00, 10, 1, 1, 1611806367, 1611806396, '42.228.202.76', 0, '42.232.66.104', 1611310378, 1611310378, 1611806396, '', 'normal', '', 0, 0, 0, '', 0, 0, NULL, NULL, NULL, NULL, '0', NULL, NULL, 0, 0, NULL, NULL, NULL, 0, '', 10, NULL, 'http://peisen.nyjianzhan.com/uploads/mobileimg/homepage_image.png', 0.00, NULL, 0.00, NULL, NULL, 1, 1, 1, 1, 1);
INSERT INTO `fa_user` VALUES (417, 0, 'u417', 'namesu', '2ed61a52105ba13b60a395af0e017b1b', 'WABp1k', 'u417@peisen.nyjianzhan.com', '', 'https://thirdwx.qlogo.cn/mmopen/vi_32/zo9QSE4Hgv3dOf19L7NVD0QaDmwha1E1Xl1W9712QG8QYTbUNCsTVw2kntSCuJuIpicib40PvVibicmLcqIbLqM8zA/132', 0, 0, NULL, '', 0.00, 15, 2, 2, 1611310859, 1611364768, '123.11.95.177', 0, '42.232.66.104', 1611310859, 1611310859, 1611364768, '', 'normal', '', 0, 0, 0, '', 0, 0, NULL, NULL, NULL, NULL, '0', NULL, NULL, 0, 0, NULL, NULL, NULL, 0, '473253', 15, NULL, 'http://peisen.nyjianzhan.com/uploads/mobileimg/homepage_image.png', 0.00, NULL, 0.00, NULL, NULL, 1, 1, 1, 1, 1);
INSERT INTO `fa_user` VALUES (418, 0, 'u269386', 'u269386', 'c5f6848ff2a1a52c16b711e586ba3487', 'iFo4Md', '', '', 'http://peisen.nyjianzhan.com/uploads/mobileimg/avatar_mobile.png', 0, 0, NULL, '', 0.00, 10, 1, 2, 1612586103, 1613727065, '61.158.146.157', 0, '219.156.162.247', 1611362586, 1611362586, 1613727065, '', 'normal', '', 0, 0, 0, '', 0, 0, NULL, NULL, NULL, NULL, '0', NULL, NULL, 0, 0, NULL, '001321.4364d5f9f5ec44b684d24765fc95f13c.0629', NULL, 0, '269386', 10, NULL, 'http://peisen.nyjianzhan.com/uploads/mobileimg/homepage_image.png', 0.00, NULL, 0.00, NULL, NULL, 1, 1, 1, 1, 1);
INSERT INTO `fa_user` VALUES (419, 0, '13474682163', '13474682163', '8b8ef543fd06e4c12b7f57e687090240', 'z0gm4a', '', '13474682163', 'http://peisen.nyjianzhan.com/uploads/mobileimg/avatar_mobile.png', 0, 0, NULL, '', 0.00, 10, 1, 1, 1611368149, 1611368149, '115.206.153.92', 0, '115.206.153.92', 1611368149, 1611368149, 1611368149, '', 'normal', '', 0, 0, 0, '', 0, 0, NULL, NULL, NULL, NULL, '0', NULL, NULL, 0, 0, NULL, NULL, NULL, 0, '', 10, NULL, 'http://peisen.nyjianzhan.com/uploads/mobileimg/homepage_image.png', 0.00, NULL, 0.00, NULL, NULL, 1, 1, 1, 1, 1);
INSERT INTO `fa_user` VALUES (423, 0, 'u432885', 'u432885', '79417a48ad33cc4d8bb57e4067b40b1f', 'cwRbT5', '', '', 'http://peisen.nyjianzhan.com/uploads/mobileimg/avatar_mobile.png', 0, 0, NULL, '', 0.00, 10, 1, 1, 1611371894, 1611372901, '219.156.162.247', 0, '219.156.162.247', 1611371894, 1611371894, 1611372901, '', 'normal', '', 0, 0, 0, '', 0, 0, NULL, NULL, NULL, NULL, '0', NULL, NULL, 0, 0, NULL, '000723.36addb21f19442f09c114372efe68d1a.0310', NULL, 0, '432885', 10, NULL, 'http://peisen.nyjianzhan.com/uploads/mobileimg/homepage_image.png', 0.00, NULL, 0.00, NULL, NULL, 1, 1, 1, 1, 1);
INSERT INTO `fa_user` VALUES (424, 0, 'u270420', 'u270420', '138c9f006d156771b7cda93712a36071', 'bBjxQF', '', '', 'http://peisen.nyjianzhan.com/uploads/mobileimg/avatar_mobile.png', 0, 0, NULL, '', 0.00, 10, 1, 1, 1611373497, 1611726985, '115.49.122.56', 0, '39.144.24.191', 1611373497, 1611373497, 1611726985, '', 'normal', '', 0, 0, 0, '', 0, 0, NULL, NULL, NULL, NULL, '0', NULL, NULL, 0, 0, NULL, '001783.e377a38e76bd4612b55f2e190e3f4104.0344', NULL, 0, '270420', 10, NULL, 'http://peisen.nyjianzhan.com/uploads/mobileimg/homepage_image.png', 0.00, NULL, 0.00, NULL, NULL, 1, 1, 1, 1, 1);
INSERT INTO `fa_user` VALUES (426, 0, 'u742881', 'u742881', 'eca053158a318516c792ca7c318386ad', 'pTBi8v', '', '', 'http://peisen.nyjianzhan.com/uploads/mobileimg/avatar_mobile.png', 0, 0, NULL, '', 0.00, 10, 1, 1, 1611379599, 1611379611, '219.156.162.247', 0, '219.156.162.247', 1611379154, 1611379154, 1611379611, '', 'normal', '', 0, 0, 0, '', 0, 0, NULL, NULL, NULL, NULL, '0', NULL, NULL, 0, 0, NULL, '001050.4d9853d0f7014824bc64052a149fbd37.0519', NULL, 0, '742881', 10, NULL, 'http://peisen.nyjianzhan.com/uploads/mobileimg/homepage_image.png', 0.00, NULL, 0.00, NULL, NULL, 1, 1, 1, 1, 1);
INSERT INTO `fa_user` VALUES (427, 0, 'u202844', 'u202844', '19e2343e4e113766ba3eb74f5e075a2a', 'y7Izrw', '', '', 'http://peisen.nyjianzhan.com/uploads/mobileimg/avatar_mobile.png', 0, 0, NULL, '', 0.00, 13, 2, 2, 1623837669, 1623892959, '120.244.140.124', 0, '124.64.16.32', 1611387734, 1611387734, 1623892959, '', 'normal', '', 0, 0, 0, '', 0, 0, NULL, NULL, NULL, NULL, '0', NULL, NULL, 0, 1, NULL, '001915.ace77d3c5ba14ca585e3a60112c62747.0741', NULL, 0, '202844', 13, NULL, 'http://peisen.nyjianzhan.com/uploads/mobileimg/homepage_image.png', 0.00, NULL, 0.00, 'ead0756d5501598f7c14e253364086eb', NULL, 1, 1, 1, 1, 1);
INSERT INTO `fa_user` VALUES (428, 0, 'u428', '無生', 'f9820172dd3b47e07c45e99d1057b988', 'USrLsB', 'u428@peisen.nyjianzhan.com', '', 'https://thirdwx.qlogo.cn/mmopen/vi_32/NQ0QJ79XeDfL0An3MUibypdnuUibsEc4WBSZhn71Fp3uRHJg3wODdSCedibptLzYp1FG2vDELkEfkt14YTd95nV9w/132', 0, 0, NULL, '', 0.00, 10, 1, 1, 1612942387, 1622176357, '120.244.140.70', 0, '124.64.16.32', 1611388439, 1611388439, 1622176357, '', 'normal', '', 0, 0, 0, '', 0, 0, NULL, NULL, NULL, NULL, '0', NULL, NULL, 0, 0, NULL, NULL, NULL, 0, '470422', 10, NULL, 'http://peisen.nyjianzhan.com/uploads/mobileimg/homepage_image.png', 0.00, NULL, 0.00, NULL, NULL, 1, 1, 1, 1, 1);
INSERT INTO `fa_user` VALUES (429, 0, 'u516159', 'u516159', 'b71c54f565d26a2b3d28061a2c6abdc0', '8Z9EeM', '', '', 'http://peisen.nyjianzhan.com/uploads/mobileimg/avatar_mobile.png', 0, 0, NULL, '', 6.10, 15, 2, 3, 1611827838, 1611827959, '42.228.202.76', 0, '219.156.162.247', 1611388829, 1611388829, 1611827959, '', 'normal', '', 0, 0, 0, '', 0, 0, NULL, NULL, NULL, NULL, '0', NULL, NULL, 0, 0, NULL, '000592.dfb232a38cb54c92a232fcde0b782e23.0352', NULL, 0, '516159', 15, NULL, 'http://peisen.nyjianzhan.com/uploads/mobileimg/homepage_image.png', 0.00, NULL, 0.00, NULL, NULL, 1, 1, 1, 1, 1);
INSERT INTO `fa_user` VALUES (430, 0, 'u430', '帆帆', '58092f36b211e8332cf86bbde83d95b5', 'TGRwlq', 'u430@peisen.nyjianzhan.com', '', 'https://thirdwx.qlogo.cn/mmopen/vi_32/Q0j4TwGTfTI3T3ljicuzurLeL3yBSlwJR5VN9uM7dJ3LFle1HKfsZhl1QZsYn0UXwFicqNno6e8ubN6HSiaz8Uh9g/132', 0, 0, NULL, '', 0.00, 10, 1, 1, 1611388950, 1611388950, '125.34.72.62', 0, '125.34.72.62', 1611388950, 1611388950, 1611388950, '', 'normal', '', 0, 0, 0, '', 0, 0, NULL, NULL, NULL, NULL, '0', NULL, NULL, 0, 0, NULL, NULL, NULL, 0, '236902', 10, NULL, 'http://peisen.nyjianzhan.com/uploads/mobileimg/homepage_image.png', 0.00, NULL, 0.00, NULL, NULL, 1, 1, 1, 1, 1);
INSERT INTO `fa_user` VALUES (431, 0, 'u431', '阳阳阳', 'c42830a1b27d9dfa109c2efffd32dd16', 'DUYGa1', 'u431@peisen.nyjianzhan.com', '', 'https://thirdwx.qlogo.cn/mmopen/vi_32/PiajxSqBRaEKicVEe3Q5RCNIY6xW4ZFh28VhVM11EornoC1QAhpuX2TAiaNDPWjbaicgGQHriboHK2dlMZkPRlF8bxw/132', 0, 0, NULL, '', 0.00, 15, 1, 1, 1611405522, 1611405541, '39.144.23.172', 0, '39.144.23.172', 1611401462, 1611401462, 1611405541, '', 'normal', '', 0, 0, 0, '', 0, 0, NULL, NULL, NULL, NULL, '0', NULL, NULL, 0, 0, NULL, NULL, NULL, 0, '896055', 15, NULL, 'http://peisen.nyjianzhan.com/uploads/mobileimg/homepage_image.png', 0.00, NULL, 0.00, NULL, NULL, 1, 1, 1, 1, 1);
INSERT INTO `fa_user` VALUES (432, 0, 'u391623', 'u391623', '93fdc36544e8c84d03b9eeaf6403df05', 'ZOB7v5', '', '', 'http://peisen.nyjianzhan.com/uploads/mobileimg/avatar_mobile.png', 0, 0, NULL, '', 0.00, 10, 1, 1, 1611496680, 1611496680, '17.232.0.46', 0, '17.232.0.46', 1611496680, 1611496680, 1611496680, '', 'normal', '', 0, 0, 0, '', 0, 0, NULL, NULL, NULL, NULL, '0', NULL, NULL, 0, 0, NULL, '001084.f0987fdf9f41460591c75ad022fb7669.1357', NULL, 0, '391623', 10, NULL, 'http://peisen.nyjianzhan.com/uploads/mobileimg/homepage_image.png', 0.00, NULL, 0.00, NULL, NULL, 1, 1, 1, 1, 1);
INSERT INTO `fa_user` VALUES (433, 0, '13594613532', '13594613532', '631cd31e243e31429467047376c49d33', 'FDnRVw', '', '13594613532', 'http://peisen.nyjianzhan.com/uploads/mobileimg/avatar_mobile.png', 0, 0, NULL, '', 0.00, 10, 1, 1, 1611564920, 1611564920, '221.222.190.189', 0, '221.222.190.189', 1611564920, 1611564920, 1611564920, '', 'normal', '', 0, 0, 0, '', 0, 0, NULL, NULL, NULL, NULL, '0', NULL, NULL, 0, 0, NULL, NULL, NULL, 0, '', 10, NULL, 'http://peisen.nyjianzhan.com/uploads/mobileimg/homepage_image.png', 0.00, NULL, 0.00, NULL, NULL, 1, 1, 1, 1, 1);
INSERT INTO `fa_user` VALUES (434, 0, 'u434', '时倾。', '0e0f725795877002147b7380dba2e36f', 'BPIQcp', 'u434@peisen.nyjianzhan.com', '', 'https://thirdwx.qlogo.cn/mmopen/vi_32/Q0j4TwGTfTIQtfibMFcjq0FZ4iaCbXXw68WdjybfjESgcia05vl8joLoRfoFSOJBpNS76IgFynIsdJvSNxsHfhwhw/132', 0, 0, NULL, '', 0.00, 32, 1, 1, 1611565057, 1611565057, '221.222.190.189', 0, '221.222.190.189', 1611565057, 1611565057, 1611565057, '', 'normal', '', 0, 0, 0, '', 0, 0, NULL, NULL, NULL, NULL, '0', NULL, NULL, 0, 0, NULL, NULL, NULL, 0, '689853', 32, NULL, 'http://peisen.nyjianzhan.com/uploads/mobileimg/homepage_image.png', 0.00, NULL, 0.00, NULL, NULL, 1, 1, 1, 1, 1);
INSERT INTO `fa_user` VALUES (435, 0, 'u435', '姑娘。', '4fd33353e05e75d6e948828a42673a08', 'ZgqRpr', 'u435@peisen.nyjianzhan.com', '', 'https://thirdwx.qlogo.cn/mmopen/vi_32/C3gxEbUt9oQ8hs6jCwicD2abFopVs4ExVZHToG1cUwfx2lotptPWSERlpRFmpzeWd5ZuuKxbtc0Vx04Lu1Nv11g/132', 0, 0, NULL, '', 0.00, 62, 1, 1, 1611566554, 1614854630, '111.196.125.4', 0, '221.222.190.189', 1611566554, 1611566554, 1614854630, '', 'normal', '', 0, 0, 0, '', 0, 0, NULL, NULL, NULL, NULL, '0', NULL, NULL, 0, 0, NULL, NULL, NULL, 41, '417845', 62, NULL, 'http://peisen.nyjianzhan.com/uploads/mobileimg/homepage_image.png', 0.00, NULL, 0.00, NULL, NULL, 1, 1, 1, 1, 1);
INSERT INTO `fa_user` VALUES (436, 0, '15216627092', '15216627092', 'b8c23a90bb0616c36c2f30f70c2147e4', 'pdKLzR', '', '15216627092', 'http://peisen.nyjianzhan.com/uploads/mobileimg/avatar_mobile.png', 2, 0, NULL, '', 0.00, 10, 1, 1, 1611637115, 1611637115, '221.222.135.248', 0, '221.222.135.248', 1611637115, 1611637115, 1611637115, '', 'normal', '', 0, 0, 0, '', 0, 0, NULL, NULL, NULL, NULL, '0', NULL, NULL, 0, 0, NULL, NULL, NULL, 0, '', 10, NULL, 'http://peisen.nyjianzhan.com/uploads/mobileimg/homepage_image.png', 52.00, NULL, 0.00, NULL, NULL, 1, 1, 1, 1, 1);
INSERT INTO `fa_user` VALUES (437, 0, 'u437', '????', 'fd71a5266d83e35bafc5b6da6033f18e', 'vVJAO6', 'u437@peisen.nyjianzhan.com', '', 'https://thirdwx.qlogo.cn/mmopen/vi_32/xsX5nr5cD3hBlv4YfXwBk6Twlp6z0nkfbv1jh3xaP1yR5lpXG29YeaTozCpibofFQWwPDXYjnm33bsGDicQsOx5A/132', 0, 0, NULL, '', 0.00, 10, 1, 1, 1611647888, 1611647888, '1.202.240.158', 0, '1.202.240.158', 1611647888, 1611647888, 1611647888, '', 'normal', '', 0, 0, 0, '', 0, 0, NULL, NULL, NULL, NULL, '0', NULL, NULL, 0, 0, NULL, NULL, NULL, 0, '211736', 10, NULL, 'http://peisen.nyjianzhan.com/uploads/mobileimg/homepage_image.png', 0.00, NULL, 0.00, NULL, NULL, 1, 1, 1, 1, 1);
INSERT INTO `fa_user` VALUES (438, 0, '13463292150', '13463292150', '6f2048920e7be0e4c80173926f534f62', 'FoKy8M', '', '13463292150', 'http://peisen.nyjianzhan.com/uploads/mobileimg/avatar_mobile.png', 0, 0, NULL, '', 0.00, 13, 1, 1, 1611811893, 1611811893, '43.226.237.246', 0, '43.226.237.246', 1611811893, 1611811893, 1611811893, '', 'normal', '', 0, 0, 0, '', 0, 0, NULL, NULL, NULL, NULL, '0', NULL, NULL, 0, 1, NULL, NULL, NULL, 0, '', 13, NULL, 'http://peisen.nyjianzhan.com/uploads/mobileimg/homepage_image.png', 0.00, NULL, 0.00, NULL, NULL, 1, 1, 1, 1, 1);
INSERT INTO `fa_user` VALUES (439, 0, 'u439', '高海朋', 'a2f5dd22129859ac15c418e06b49a8a2', 'NrnHG5', 'u439@peisen.nyjianzhan.com', '', 'https://thirdwx.qlogo.cn/mmopen/vi_32/DYAIOgq83ep0jhxtpkSHibLfupY3bn4vR44ojEzyyg0b1nf9c6A6XQ2mLDaa26vU8OCGs7qB6RZc489Np9ic0Cibg/132', 0, 0, NULL, '', 0.00, 10, 1, 1, 1611823416, 1611824926, '125.45.149.139', 0, '125.45.149.139', 1611823416, 1611823416, 1611824926, '', 'normal', '', 0, 0, 0, '', 0, 0, NULL, NULL, NULL, NULL, '0', NULL, NULL, 0, 0, NULL, NULL, NULL, 0, '191909', 10, NULL, 'http://peisen.nyjianzhan.com/uploads/mobileimg/homepage_image.png', 0.00, NULL, 0.00, NULL, NULL, 1, 1, 1, 1, 1);
INSERT INTO `fa_user` VALUES (440, 0, 'u596826', 'u596826', '91497a6ee839d8c133317bb085aeca1a', 'dJFHOf', '', '', 'http://peisen.nyjianzhan.com/uploads/mobileimg/avatar_mobile.png', 0, 0, NULL, '', 0.00, 10, 1, 1, 1611855688, 1611855688, '17.232.12.199', 0, '17.232.12.199', 1611855688, 1611855688, 1611855688, '', 'normal', '', 0, 0, 0, '', 0, 0, NULL, NULL, NULL, NULL, '0', NULL, NULL, 0, 0, NULL, '000005.c17cdecd09cc4b13aeccdd628de28cba.1740', NULL, 0, '596826', 10, NULL, 'http://peisen.nyjianzhan.com/uploads/mobileimg/homepage_image.png', 0.00, NULL, 0.00, NULL, NULL, 1, 1, 1, 1, 1);
INSERT INTO `fa_user` VALUES (441, 0, 'u441', '喵喵', '23747cc52eea364c24e7608ab4106dc0', '4EgwpC', 'u441@peisen.nyjianzhan.com', '', 'https://thirdwx.qlogo.cn/mmopen/vi_32/NvssoRhVIC47LG8ZBsKbxkTZT7cWib7xwft4llykibQjnbicf22oE20QHCsJaXrZooMCxic8CCr2ib4ZDvYSbv9x7rw/132', 0, 0, NULL, '', 0.00, 166, 1, 1, 1622713932, 1623219610, '120.244.140.2', 0, '120.244.140.213', 1611885684, 1611885684, 1623219610, '', 'normal', '', 0, 0, 0, '', 0, 0, NULL, NULL, NULL, NULL, '0', NULL, NULL, 0, 4, NULL, NULL, NULL, 0, '168058', 166, NULL, 'http://peisen.nyjianzhan.com/uploads/mobileimg/homepage_image.png', 0.00, NULL, 0.00, 'null ', NULL, 1, 1, 1, 1, 1);
INSERT INTO `fa_user` VALUES (442, 0, '13370181870', '13370181870', 'd42f1f31aec0dcec3dd64d62626f4c72', 'DYK8Nk', '', '13370181870', 'http://peisen.nyjianzhan.com/uploads/mobileimg/avatar_mobile.png', 0, 0, NULL, '', 0.00, 10, 1, 1, 1611910028, 1611910028, '113.44.136.203', 0, '113.44.136.203', 1611910028, 1611910028, 1611910028, '', 'normal', '', 0, 0, 0, '', 0, 0, NULL, NULL, NULL, NULL, '0', NULL, NULL, 0, 0, NULL, NULL, NULL, 0, '', 10, NULL, 'http://peisen.nyjianzhan.com/uploads/mobileimg/homepage_image.png', 0.00, NULL, 0.00, NULL, NULL, 1, 1, 1, 1, 1);
INSERT INTO `fa_user` VALUES (443, 0, 'u443', '刘黎明', 'df9e62363b07667c53bcb8e75a68d001', 'way9WZ', 'u443@peisen.nyjianzhan.com', '13911162629', 'https://thirdwx.qlogo.cn/mmopen/vi_32/Q0j4TwGTfTJOAzKj4eolepm649EGgUialbxtic4uXwfviaWJpPzQ5978SV0XKwTqIkSNicSExeHrxDKCOMGhykX6GQ/132', 2, 0, NULL, '', 0.00, 10, 1, 1, 1611912502, 1611912502, '61.149.15.155', 0, '61.149.15.155', 1611912502, 1611912502, 1611912502, '', 'normal', '', 0, 0, 0, '', 0, 0, NULL, NULL, NULL, '', '0', '', '', 0, 0, NULL, NULL, NULL, 0, '687633', 10, 1620629491, 'http://peisen.nyjianzhan.com/uploads/mobileimg/homepage_image.png', 763.30, NULL, 0.00, NULL, NULL, 1, 1, 1, 1, 1);
INSERT INTO `fa_user` VALUES (444, 0, '13943450116', '13943450116', 'a09c4fdaa20be3b5ed7de68d4b5e56ab', '6CupbA', '', '13943450116', 'http://peisen.nyjianzhan.com/uploads/mobileimg/avatar_mobile.png', 0, 0, NULL, '', 0.00, 10, 1, 1, 1611925258, 1611925258, '175.23.87.153', 0, '175.23.87.153', 1611925258, 1611925258, 1611925258, '', 'normal', '', 0, 0, 0, '', 0, 0, NULL, NULL, NULL, NULL, '0', NULL, NULL, 0, 0, NULL, NULL, NULL, 0, '', 10, NULL, 'http://peisen.nyjianzhan.com/uploads/mobileimg/homepage_image.png', 0.00, NULL, 0.00, NULL, NULL, 1, 1, 1, 1, 1);
INSERT INTO `fa_user` VALUES (445, 0, 'u445', '肉肉我的心头肉、????????', '9277ef940453104dda0dc3f3a10d5886', 'da8O9J', 'u445@peisen.nyjianzhan.com', '', 'https://thirdwx.qlogo.cn/mmopen/vi_32/DYAIOgq83eoWgjX8PQyeGK9x45u1ibBxpNqpoUj55Mfez0yrUnibNl1ODEwEXuZuatZXQLXSH6noribgI9YWlx0Sw/132', 0, 0, NULL, '', 0.00, 13, 1, 1, 1612147451, 1615200365, '117.136.38.197', 0, '223.72.72.223', 1611955103, 1611955103, 1615200365, '', 'normal', '', 0, 0, 0, '', 0, 0, NULL, NULL, NULL, NULL, '0', NULL, NULL, 0, 1, NULL, NULL, NULL, 0, '757245', 13, NULL, 'http://peisen.nyjianzhan.com/uploads/mobileimg/homepage_image.png', 0.00, NULL, 0.00, NULL, NULL, 1, 1, 1, 1, 1);
INSERT INTO `fa_user` VALUES (446, 0, 'u446', '徐亮', 'c1e97ab0fa35b651bf80f545d620a08c', 'wQ52ez', 'u446@peisen.nyjianzhan.com', '', 'https://thirdwx.qlogo.cn/mmopen/vi_32/LAaicvWL6XMJpXU4tZccVKynm3qowR39PSFNN886QKicgLkD4heibQGVENPrxhNFI0MSXFSiaymawuhP3cHkdmksPA/132', 0, 0, NULL, '', 0.00, 10, 1, 1, 1612143059, 1612143059, '222.128.44.222', 0, '222.128.44.222', 1612143059, 1612143059, 1612143059, '', 'normal', '', 0, 0, 0, '', 0, 0, NULL, NULL, NULL, NULL, '0', NULL, NULL, 0, 0, NULL, NULL, NULL, 0, '646521', 10, NULL, 'http://peisen.nyjianzhan.com/uploads/mobileimg/homepage_image.png', 0.00, NULL, 0.00, NULL, NULL, 1, 1, 1, 1, 1);
INSERT INTO `fa_user` VALUES (447, 0, '18310451142', '小皮球儿', '711dfa5da1f47ae3d461114f1a1c034d', 'mGR5oz', '', '18310451142', 'http://psjy.oss-cn-beijing.aliyuncs.com/uploads/20210218/20210218161361839426433.png', 0, 1, '2020-05-18', '', 0.00, 66, 1, 1, 1612248041, 1613722526, '120.244.140.190', 0, '124.65.9.181', 1612248041, 1612248041, 1613722526, '', 'normal', '', 0, 0, 0, '', 0, 0, NULL, NULL, NULL, NULL, '0', NULL, NULL, 0, 4, NULL, NULL, NULL, 0, '', 66, NULL, 'http://peisen.nyjianzhan.com/uploads/mobileimg/homepage_image.png', 0.00, NULL, 0.00, NULL, NULL, 1, 1, 1, 1, 1);
INSERT INTO `fa_user` VALUES (448, 0, 'u448', 'Alice', '01d101b66306e0debc7bde833fe0006e', 'NLKoZS', 'u448@peisen.nyjianzhan.com', '', 'https://thirdwx.qlogo.cn/mmopen/vi_32/PiaOhXNRiad2bCKBtIwibtNbicffkcl7GR91gkn55SNCsSRnVMEM96kgpAWlH9ngksYNGxUrdmRwqMQOs72KSMjJ5w/132', 0, 0, NULL, '', 0.00, 10, 1, 1, 1612580750, 1612580750, '61.158.146.41', 0, '61.158.146.41', 1612580750, 1612580750, 1612580750, '', 'normal', '', 0, 0, 0, '', 0, 0, NULL, NULL, NULL, NULL, '0', NULL, NULL, 0, 0, NULL, NULL, NULL, 0, '522922', 10, NULL, 'http://peisen.nyjianzhan.com/uploads/mobileimg/homepage_image.png', 0.00, NULL, 0.00, NULL, NULL, 1, 1, 1, 1, 1);
INSERT INTO `fa_user` VALUES (449, 0, 'u449', '大璇只', '571450d27026eabbfc9c6442897995a1', 'MxgkA5', 'u449@peisen.nyjianzhan.com', '13623356819', 'http://psjy.oss-cn-beijing.aliyuncs.com/uploads/20210212/20210212161311269579532.png', 5, 1, '1984-08-26', '', 0.00, 35, 1, 1, 1612785673, 1612785673, '221.222.129.2', 0, '221.222.129.2', 1612785673, 1612785673, 1612785673, '', 'normal', '', 0, 0, 0, '', 0, 0, NULL, NULL, NULL, NULL, '0', NULL, NULL, 0, 1, NULL, NULL, NULL, 24, '850411', 35, NULL, 'http://peisen.nyjianzhan.com/uploads/mobileimg/homepage_image.png', 5486.80, NULL, 0.00, NULL, NULL, 1, 1, 1, 1, 1);
INSERT INTO `fa_user` VALUES (450, 0, 'u450', '8964', '170e8f06ff1551ea352979acccd8eb10', 'CXbQhy', 'u450@peisen.nyjianzhan.com', '', 'https://thirdwx.qlogo.cn/mmopen/vi_32/NbDVQaklzuCsgOv0cMjqnSP4kKWZIyDyYABTLSSicrEl98Ir94XKudswALJSDicx0ELBMPVSedUGrpy9PDl1iahAg/132', 0, 0, NULL, '', 0.00, 15, 1, 1, 1612833915, 1612833916, '218.70.219.50', 0, '218.70.219.50', 1612833915, 1612833915, 1612833916, '', 'normal', '', 0, 0, 0, '', 0, 0, NULL, NULL, NULL, NULL, '0', NULL, NULL, 0, 0, NULL, NULL, NULL, 0, '322261', 15, NULL, 'http://peisen.nyjianzhan.com/uploads/mobileimg/homepage_image.png', 0.00, NULL, 0.00, NULL, NULL, 1, 1, 1, 1, 1);
INSERT INTO `fa_user` VALUES (451, 0, 'u451', 'CBA', 'a704bf66e14c3269e6018f82bc728df6', 'gHkXny', 'u451@peisen.nyjianzhan.com', '', 'https://thirdwx.qlogo.cn/mmopen/vi_32/Cu0zSHyib6sooYdoaUONq39R7OJVsaV9oIuAIYvRGKHtLnzGt8P6yib2IUALhTymBjHjSyBGAmjU1mBibkGibzNBicA/132', 0, 2, '2008-02-09', '', 0.00, 30, 1, 1, 1612850726, 1612850763, '120.244.140.47', 0, '120.244.140.47', 1612850726, 1612850726, 1612850763, '', 'normal', '', 0, 0, 0, '', 0, 0, NULL, NULL, NULL, NULL, '0', NULL, NULL, 0, 0, NULL, NULL, NULL, 0, '616201', 30, NULL, 'http://peisen.nyjianzhan.com/uploads/mobileimg/homepage_image.png', 0.00, NULL, 0.00, NULL, NULL, 1, 1, 1, 1, 1);
INSERT INTO `fa_user` VALUES (452, 0, 'u452', '萤火虫', 'b0c3da6503a7fdf6ef486ebb185a1ca0', 'KDsNOq', 'u452@peisen.nyjianzhan.com', '', 'https://thirdwx.qlogo.cn/mmopen/vi_32/Q0j4TwGTfTJmdh89A54qvCUaBjogc6R2W7FprpGicMNuBSEmEYfhtZKlRAlO9G2KkuXMLPBktrES8MVb4iaSsQ3Q/132', 0, 0, NULL, '', 0.00, 10, 1, 1, 1612863679, 1612863679, '223.91.71.111', 0, '223.91.71.111', 1612863679, 1612863679, 1612863679, '', 'normal', '', 0, 0, 0, '', 0, 0, NULL, NULL, NULL, NULL, '0', NULL, NULL, 0, 0, NULL, NULL, NULL, 0, '232979', 10, NULL, 'http://peisen.nyjianzhan.com/uploads/mobileimg/homepage_image.png', 0.00, NULL, 0.00, NULL, NULL, 1, 1, 1, 1, 1);
INSERT INTO `fa_user` VALUES (453, 0, 'u453', 'Mr. HR', 'eb1bef78a1429d95ad6f6874bc51889e', 'ntlIeW', 'u453@peisen.nyjianzhan.com', '', 'https://thirdwx.qlogo.cn/mmopen/vi_32/Q0j4TwGTfTLsgnOlwI49N4NAXHt1Il1CwE7vnpmOLOp5EQmZ6gVZFSwcHnR7oZIGxcMpynhAbaWrchHdX9yWFw/132', 0, 0, NULL, '', 0.00, 10, 1, 1, 1615951055, 1622173186, '221.222.180.75', 0, '123.114.99.157', 1612863703, 1612863703, 1622173186, '', 'normal', '', 0, 0, 0, '', 0, 0, NULL, NULL, NULL, NULL, '0', NULL, NULL, 0, 0, NULL, NULL, NULL, 0, '467419', 10, NULL, 'http://peisen.nyjianzhan.com/uploads/mobileimg/homepage_image.png', 0.00, NULL, 0.00, NULL, NULL, 1, 1, 1, 1, 1);
INSERT INTO `fa_user` VALUES (454, 0, 'u454', '树新风', 'bf8ee3a80b73256cb339026d50813148', 'Pq9ykd', 'u454@peisen.nyjianzhan.com', '', 'https://thirdwx.qlogo.cn/mmopen/vi_32/A8hbw4q3RQx0B6ShDnaDuhwdq552uBRFf1etVSg2Tq3mZcxGuWqHoSRtJqdKLDNZUOhBmx7og7VSXD11kfNovw/132', 0, 0, NULL, '', 0.00, 10, 1, 1, 1613010945, 1613010945, '106.121.157.10', 0, '106.121.157.10', 1613010945, 1613010945, 1613010945, '', 'normal', '', 0, 0, 0, '', 0, 0, NULL, NULL, NULL, NULL, '0', NULL, NULL, 0, 0, NULL, NULL, NULL, 0, '961965', 10, NULL, 'http://peisen.nyjianzhan.com/uploads/mobileimg/homepage_image.png', 0.00, NULL, 0.00, NULL, NULL, 1, 1, 1, 1, 1);
INSERT INTO `fa_user` VALUES (455, 0, 'u455', '阿', '3a8b743de9438412d197ea9d2002f95a', 'SCpXPl', 'u455@peisen.nyjianzhan.com', '', 'https://thirdwx.qlogo.cn/mmopen/vi_32/KZSPzjFb0aK31Ticzt1ndEDM2sIUAJ22jRib3mlRqdjpy107jjGMpS49pylrlLGmZoBcnSwCVV0FreAxoBSxrLlA/132', 0, 0, NULL, '', 0.00, 10, 1, 1, 1613180693, 1613180693, '139.159.170.3', 0, '139.159.170.3', 1613180693, 1613180693, 1613180693, '', 'normal', '', 0, 0, 0, '', 0, 0, NULL, NULL, NULL, NULL, '0', NULL, NULL, 0, 0, NULL, NULL, NULL, 0, '271096', 10, NULL, 'http://peisen.nyjianzhan.com/uploads/mobileimg/homepage_image.png', 0.00, NULL, 0.00, NULL, NULL, 1, 1, 1, 1, 1);
INSERT INTO `fa_user` VALUES (456, 0, 'u456', '妞妞宝宝9028', 'bf600709709236cdd84a492912b660bc', 'E86iIH', 'u456@peisen.nyjianzhan.com', '', 'https://thirdwx.qlogo.cn/mmopen/vi_32/Q3auHgzwzM7AHztibEfVJDsYocZ4cJAicFvdhInbC2biaEd25NEeDgxdfGyqgc56VYAWSmt2KSuu9UUiaE9VibjqR7g/132', 0, 0, NULL, '', 0.00, 75, 1, 1, 1620168572, 1622468412, '111.193.208.41', 0, '114.248.227.161', 1613181435, 1613181435, 1622468412, '', 'normal', '', 0, 0, 0, '', 0, 0, NULL, NULL, NULL, NULL, '0', NULL, NULL, 0, 0, NULL, NULL, NULL, 21, '975226', 75, NULL, 'http://peisen.nyjianzhan.com/uploads/mobileimg/homepage_image.png', 0.00, NULL, 0.00, '06d94fced9b9a06ab9f729a6f392cbe4', NULL, 1, 1, 1, 1, 1);
INSERT INTO `fa_user` VALUES (457, 0, 'u457', '汪枉旺????', '0d75168f6bb6c4569068779ea689d2cb', 'snTaqz', 'u457@peisen.nyjianzhan.com', '', 'https://thirdwx.qlogo.cn/mmopen/vi_32/PiajxSqBRaEKzv94CCYyDiabXSPrn6yXqIAVziaCBa6mcWNWUSE1TuytlAbIwA0cS4I7wGhZmrEhjAiaUDMicRljbXQ/132', 0, 0, NULL, '', 0.00, 13, 1, 1, 1613546735, 1613546735, '106.121.159.227', 0, '106.121.159.227', 1613546735, 1613546735, 1613546735, '', 'normal', '', 0, 0, 0, '', 0, 0, NULL, NULL, NULL, NULL, '0', NULL, NULL, 0, 0, NULL, NULL, NULL, 4, '115919', 13, NULL, 'http://peisen.nyjianzhan.com/uploads/mobileimg/homepage_image.png', 0.00, NULL, 0.00, NULL, NULL, 1, 1, 1, 1, 1);
INSERT INTO `fa_user` VALUES (458, 0, 'u458', '培森家园PRINCEA.S', 'ef551319f5986628b924e269c25301c3', 'fkSv3H', 'u458@peisen.nyjianzhan.com', '', 'https://thirdwx.qlogo.cn/mmopen/vi_32/h1lVo0N08A78INYHh2Uib9duicDF2PmIppLwqFveBvsUoU3dOOslBwUv7tXia9AGrqwqgG6EG5RdwLAweeib7oFhWA/132', 0, 0, NULL, '', 0.00, 63, 1, 1, 1622184338, 1622184423, '120.244.140.70', 0, '120.244.140.190', 1613613424, 1613613424, 1622184423, '', 'normal', '', 0, 0, 0, '', 0, 0, NULL, NULL, NULL, NULL, '0', NULL, NULL, 0, 2, NULL, NULL, NULL, 1, '360884', 63, NULL, 'http://peisen.nyjianzhan.com/uploads/mobileimg/homepage_image.png', 0.00, NULL, 0.00, '2da929a64245e1735a546577359ec071', NULL, 1, 1, 1, 1, 1);
INSERT INTO `fa_user` VALUES (459, 0, 'u459', 'Abhay', 'cf3b3c7b7a919bfad7414cc1d971de72', 'ECPbVa', 'u459@peisen.nyjianzhan.com', '', 'https://thirdwx.qlogo.cn/mmopen/vi_32/Q0j4TwGTfTLn5HB9d8ibxT2s8Jib16IicgjhhiaXK7Fr7GBcxxF3LS2TSjRHBjtASa1Ww1iavZMADnuQwFHsVcTdPqA/132', 0, 0, NULL, '', 0.00, 10, 1, 1, 1613715920, 1613715920, '106.121.186.249', 0, '106.121.186.249', 1613715920, 1613715920, 1613715920, '', 'normal', '', 0, 0, 0, '', 0, 0, NULL, NULL, NULL, NULL, '0', NULL, NULL, 0, 0, NULL, NULL, NULL, 0, '854333', 10, NULL, 'http://peisen.nyjianzhan.com/uploads/mobileimg/homepage_image.png', 0.00, NULL, 0.00, NULL, NULL, 1, 1, 1, 1, 1);
INSERT INTO `fa_user` VALUES (460, 0, '18637706570', '18637706570', '95aa89a5b11cf1d2cc6646606b3fe80e', '6d3VEN', '', '18637706570', 'http://peisen.nyjianzhan.com/uploads/mobileimg/avatar_mobile.png', 0, 0, NULL, '', 0.00, 10, 1, 1, 1613725251, 1613725251, '61.158.146.251', 0, '61.158.146.251', 1613725251, 1613725251, 1613725251, '', 'normal', '', 0, 0, 0, '', 0, 0, NULL, NULL, NULL, NULL, '0', NULL, NULL, 0, 0, NULL, NULL, NULL, 0, '', 10, NULL, 'http://peisen.nyjianzhan.com/uploads/mobileimg/homepage_image.png', 0.00, NULL, 0.00, NULL, NULL, 1, 1, 1, 1, 1);
INSERT INTO `fa_user` VALUES (461, 0, 'u461', '圭徒', '7b8f3f075d9ec3262a9e0010bfa12578', 'ZyV8r6', 'u461@peisen.nyjianzhan.com', '', 'https://thirdwx.qlogo.cn/mmopen/vi_32/7N8Vmh4SJpzM3QvrI9eR2N5BSWdG4bF7jTsxIjnkq1kxREDPsdx4u9ahhicQhW8eCHqjIc9Nd9M2oFiaGiaqhPdeg/132', 0, 0, NULL, '', 0.00, 17, 1, 1, 1613801361, 1613801361, '218.70.219.50', 0, '218.70.219.50', 1613801361, 1613801361, 1613801361, '', 'normal', '', 0, 0, 0, '', 0, 0, NULL, NULL, NULL, NULL, '0', NULL, NULL, 0, 0, NULL, NULL, NULL, 0, '252137', 17, NULL, 'http://peisen.nyjianzhan.com/uploads/mobileimg/homepage_image.png', 0.00, NULL, 0.00, NULL, NULL, 1, 1, 1, 1, 1);
INSERT INTO `fa_user` VALUES (462, 0, 'u462', '崆流009', '29d038632d0d7b88512e9b879dc6ef40', 'N8RVYU', 'u462@peisen.nyjianzhan.com', '', 'https://thirdwx.qlogo.cn/mmopen/vi_32/ia2GSsVaMFSuhudBVX0fcbibZibtN267Mt6PJTpEgL8dqUkbWuYREIqOictgyXddQr6ibMKInWkMlmH5mLXOgRwWufQ/132', 0, 0, NULL, '', 0.00, 13, 1, 1, 1613807946, 1614133488, '139.159.170.11', 0, '139.159.170.11', 1613807946, 1613807946, 1614133488, '', 'normal', '', 0, 0, 0, '', 0, 0, NULL, NULL, NULL, NULL, '0', NULL, NULL, 0, 1, NULL, NULL, NULL, 0, '756188', 13, NULL, 'http://peisen.nyjianzhan.com/uploads/mobileimg/homepage_image.png', 0.00, NULL, 0.00, NULL, NULL, 1, 1, 1, 1, 1);
INSERT INTO `fa_user` VALUES (463, 0, '13428557056', '13428557056', '4933fc427e58a6c9328261c870d8b9eb', '05KFS3', '', '13428557056', 'http://peisen.nyjianzhan.com/uploads/mobileimg/avatar_mobile.png', 0, 0, NULL, '', 0.00, 15, 1, 1, 1613975943, 1613975943, '218.70.219.51', 0, '218.70.219.51', 1613975943, 1613975943, 1613975943, '', 'normal', '', 0, 0, 0, '', 0, 0, NULL, NULL, NULL, NULL, '0', NULL, NULL, 0, 0, NULL, NULL, NULL, 0, '', 15, NULL, 'http://peisen.nyjianzhan.com/uploads/mobileimg/homepage_image.png', 0.00, NULL, 0.00, NULL, NULL, 1, 1, 1, 1, 1);
INSERT INTO `fa_user` VALUES (464, 0, 'u631680', 'u631680', 'ec0212fc0e60d48e880018102034a870', '1eO3pA', '', '', 'http://peisen.nyjianzhan.com/uploads/mobileimg/avatar_mobile.png', 0, 0, NULL, '', 0.00, 10, 1, 1, 1614099920, 1614099920, '17.232.5.239', 0, '17.232.5.239', 1614099920, 1614099920, 1614099920, '', 'normal', '', 0, 0, 0, '', 0, 0, NULL, NULL, NULL, NULL, '0', NULL, NULL, 0, 0, NULL, '001440.82feb1f032e948c7948ae93fb5fb8d67.1704', NULL, 0, '631680', 10, NULL, 'http://peisen.nyjianzhan.com/uploads/mobileimg/homepage_image.png', 0.00, NULL, 0.00, NULL, NULL, 1, 1, 1, 1, 1);
INSERT INTO `fa_user` VALUES (465, 0, '13739475015', '13739475015', '49edd74020bda2b1685d03fc33e09511', 'jzJ8Bx', '', '13739475015', 'http://peisen.nyjianzhan.com/uploads/mobileimg/avatar_mobile.png', 0, 0, NULL, '', 0.00, 10, 1, 1, 1614252730, 1614252730, '121.13.218.236', 0, '121.13.218.236', 1614252730, 1614252730, 1614252730, '', 'normal', '', 0, 0, 0, '', 0, 0, NULL, NULL, NULL, NULL, '0', NULL, NULL, 0, 0, NULL, NULL, NULL, 0, '', 10, NULL, 'http://peisen.nyjianzhan.com/uploads/mobileimg/homepage_image.png', 0.00, NULL, 0.00, NULL, NULL, 1, 1, 1, 1, 1);
INSERT INTO `fa_user` VALUES (466, 0, 'u466', '做人最紧要係开心', '6b42ac94ef8cb0d6e12b6f16fea8d1f3', 'b89RLB', 'u466@peisen.nyjianzhan.com', '', '', 0, 0, NULL, '', 0.00, 10, 1, 1, 1614570534, 1614570534, '139.159.170.17', 0, '139.159.170.17', 1614570534, 1614570534, 1614570534, '', 'normal', '', 0, 0, 0, '', 0, 0, NULL, NULL, NULL, NULL, '0', NULL, NULL, 0, 0, NULL, NULL, NULL, 0, '132437', 10, NULL, 'http://peisen.nyjianzhan.com/uploads/mobileimg/homepage_image.png', 0.00, NULL, 0.00, NULL, NULL, 1, 1, 1, 1, 1);
INSERT INTO `fa_user` VALUES (467, 0, '19831970177', '19831970177', '398a64b584639964af3b243e430250bd', 'tbS3CV', '', '19831970177', 'http://peisen.nyjianzhan.com/uploads/mobileimg/avatar_mobile.png', 0, 0, NULL, '', 0.00, 10, 1, 1, 1614678521, 1614678521, '223.104.39.8', 0, '223.104.39.8', 1614678521, 1614678521, 1614678521, '', 'normal', '', 0, 0, 0, '', 0, 0, NULL, NULL, NULL, NULL, '0', NULL, NULL, 0, 0, NULL, NULL, NULL, 0, '', 10, NULL, 'http://peisen.nyjianzhan.com/uploads/mobileimg/homepage_image.png', 0.00, NULL, 0.00, NULL, NULL, 1, 1, 1, 1, 1);
INSERT INTO `fa_user` VALUES (468, 0, 'u468', '挽风.', '2f122510fb093fc7c10926c453152730', 'IqTZUi', 'u468@peisen.nyjianzhan.com', '', 'https://thirdwx.qlogo.cn/mmopen/vi_32/Z4QvXFf42I9VuhqYPw5GkVG5mxa0mibansYf1KSnz3GcLMjgdfWe5Ga4FFuTy79Yabp70MVHTAfWFsxn3CjyiarQ/132', 0, 0, NULL, '', 0.00, 10, 1, 1, 1614839427, 1618907367, '223.104.109.40', 0, '182.126.173.198', 1614839427, 1614839427, 1618907367, '', 'normal', '', 0, 0, 0, '', 0, 0, NULL, NULL, NULL, NULL, '0', NULL, NULL, 0, 0, NULL, NULL, NULL, 0, '749343', 10, NULL, 'http://peisen.nyjianzhan.com/uploads/mobileimg/homepage_image.png', 0.00, NULL, 0.00, NULL, NULL, 1, 1, 1, 1, 1);
INSERT INTO `fa_user` VALUES (469, 0, '18530688397', '18530688397', '76ebe7d55e7fb738d0389101b42d5e76', 'ofE8F0', '', '18530688397', 'http://peisen.nyjianzhan.com/uploads/mobileimg/avatar_mobile.png', 0, 0, NULL, '', 0.00, 10, 1, 1, 1614839985, 1621479196, '61.158.147.1', 0, '182.126.173.198', 1614839985, 1614839985, 1621479196, '', 'normal', '', 0, 0, 0, '', 0, 0, NULL, NULL, NULL, NULL, '0', NULL, NULL, 0, 0, NULL, NULL, NULL, 0, '', 10, NULL, 'http://peisen.nyjianzhan.com/uploads/mobileimg/homepage_image.png', 0.00, NULL, 0.00, NULL, NULL, 1, 1, 1, 1, 1);
INSERT INTO `fa_user` VALUES (470, 0, 'u470', 'Scentea', '77b6c49dfd30451c664cd2d64c3de9fa', 'NOAfkM', 'u470@peisen.nyjianzhan.com', '', 'https://thirdwx.qlogo.cn/mmopen/vi_32/Q0j4TwGTfTILyVXzrgT1aPuXeM9rzvj628vVaB4JcYLCfjg4AGs4o1O1kmOBUkexV5uicBRzWwP6I4BceWG9HDA/132', 0, 0, NULL, '', 0.00, 10, 1, 1, 1615091441, 1615091441, '223.104.39.26', 0, '223.104.39.26', 1615091441, 1615091441, 1615091441, '', 'normal', '', 0, 0, 0, '', 0, 0, NULL, NULL, NULL, NULL, '0', NULL, NULL, 0, 0, NULL, NULL, NULL, 0, '990489', 10, NULL, 'http://peisen.nyjianzhan.com/uploads/mobileimg/homepage_image.png', 0.00, NULL, 0.00, NULL, NULL, 1, 1, 1, 1, 1);
INSERT INTO `fa_user` VALUES (471, 0, 'u471', '~      无终       ~', '12e77cc4aee4e4e613fc3b6581532715', '3wfSGP', 'u471@peisen.nyjianzhan.com', '', 'https://thirdwx.qlogo.cn/mmopen/vi_32/icuBXcmV2etnax9GiaAqIfHMfb4GH8kVNp7nvdxZeXFFK1iaysMJtsbiceuTE0PNBrxTpDzcBU6IWmBXgSJrqCY8uw/132', 0, 0, NULL, '', 0.00, 10, 1, 1, 1615103027, 1615103027, '119.123.74.121', 0, '119.123.74.121', 1615103027, 1615103027, 1615103027, '', 'normal', '', 0, 0, 0, '', 0, 0, NULL, NULL, NULL, NULL, '0', NULL, NULL, 0, 0, NULL, NULL, NULL, 0, '647471', 10, NULL, 'http://peisen.nyjianzhan.com/uploads/mobileimg/homepage_image.png', 0.00, NULL, 0.00, NULL, NULL, 1, 1, 1, 1, 1);
INSERT INTO `fa_user` VALUES (472, 0, 'u472', '王凱', 'ed234709bf3bfb6f2fd7e3c450936e24', 'Hbe4Bv', 'u472@peisen.nyjianzhan.com', '', 'https://thirdwx.qlogo.cn/mmopen/vi_32/fRJY4BfttURdQ9ykicm7w3JHS6q2PN3m1zGMwDWusWg6DZrz9j4Q62Sx5AWArcYAibIuHN3AGAIvWEpI8jrLXVdg/132', 0, 0, NULL, '', 0.00, 10, 1, 1, 1615250052, 1615250052, '180.157.248.203', 0, '180.157.248.203', 1615250052, 1615250052, 1615250052, '', 'normal', '', 0, 0, 0, '', 0, 0, NULL, NULL, NULL, NULL, '0', NULL, NULL, 0, 0, NULL, NULL, NULL, 0, '987158', 10, NULL, 'http://peisen.nyjianzhan.com/uploads/mobileimg/homepage_image.png', 0.00, NULL, 0.00, NULL, NULL, 1, 1, 1, 1, 1);
INSERT INTO `fa_user` VALUES (473, 0, 'u473', 'Serena', 'd6419099707bd662ae7ef88803bc7965', 'hR0kbf', 'u473@peisen.nyjianzhan.com', '', 'https://thirdwx.qlogo.cn/mmopen/vi_32/Q0j4TwGTfTJBMnktUUAswdpdcONJ8mTk919icpkImkgOewNCKCuI0yaG6aiaQF2XCCV8iaOJjNtibnUGvNhgVSK7nA/132', 0, 0, NULL, '', 0.00, 10, 1, 1, 1615283557, 1615283557, '124.64.16.68', 0, '124.64.16.68', 1615283557, 1615283557, 1615283557, '', 'normal', '', 0, 0, 0, '', 0, 0, NULL, NULL, NULL, NULL, '0', NULL, NULL, 0, 0, NULL, NULL, NULL, 0, '809718', 10, NULL, 'http://peisen.nyjianzhan.com/uploads/mobileimg/homepage_image.png', 0.00, NULL, 0.00, NULL, NULL, 1, 1, 1, 1, 1);
INSERT INTO `fa_user` VALUES (474, 0, 'u474', '华兴控股代洪玲????', '8ec2a4d628e3773dbe1f6a1a90faad11', '4cz5sW', 'u474@peisen.nyjianzhan.com', '', 'https://thirdwx.qlogo.cn/mmopen/vi_32/rabzgGTfBHTXxVw9Qffcib7cKKCDiaNy6BaRFxwW5lRDnbad2k4rgENcJHiayU48Yu5MNeM3I7mYha2FaqubNBYrw/132', 0, 0, NULL, '', 0.00, 10, 1, 1, 1615357706, 1615357706, '111.199.60.218', 0, '111.199.60.218', 1615357706, 1615357706, 1615357706, '', 'normal', '', 0, 0, 0, '', 0, 0, NULL, NULL, NULL, NULL, '0', NULL, NULL, 0, 0, NULL, NULL, NULL, 0, '574905', 10, NULL, 'http://peisen.nyjianzhan.com/uploads/mobileimg/homepage_image.png', 0.00, NULL, 0.00, NULL, NULL, 1, 1, 1, 1, 1);
INSERT INTO `fa_user` VALUES (475, 0, 'u475', '奇怪', '2972115390fe738f6319777b8396a77f', 'SiBye6', 'u475@peisen.nyjianzhan.com', '', 'https://thirdwx.qlogo.cn/mmopen/vi_32/tyS2B2WBTxVSlR5bqiaIVh176AFokaicgcG7uCLtKw7YE7UIwDszjovvJw0a09cPBLt6sn41f39KgsuIibCcZ8Kyw/132', 0, 0, NULL, '', 0.00, 10, 1, 1, 1615522488, 1615522488, '222.142.129.140', 0, '222.142.129.140', 1615522488, 1615522488, 1615522488, '', 'normal', '', 0, 0, 0, '', 0, 0, NULL, NULL, NULL, NULL, '0', NULL, NULL, 0, 0, NULL, NULL, NULL, 0, '582039', 10, NULL, 'http://peisen.nyjianzhan.com/uploads/mobileimg/homepage_image.png', 0.00, NULL, 0.00, NULL, NULL, 1, 1, 1, 1, 1);
INSERT INTO `fa_user` VALUES (476, 0, 'u476', '亲爱的不二', 'c9bd9c9d160d6ab3b87428b92ed8155c', 'VQXzc4', 'u476@peisen.nyjianzhan.com', '15101122705', 'https://thirdwx.qlogo.cn/mmopen/vi_32/Q0j4TwGTfTLZCGBIwHxDicuFuDg78VEpUQgGyRovrb0pOicAhLWaSbFdw8na0AvuR4z8ony63s34tnG4EQOW6bOg/132', 3, 0, NULL, '', 0.00, 10, 1, 1, 1615633136, 1615633136, '120.244.142.212', 0, '120.244.142.212', 1615633136, 1615633136, 1615633136, '', 'normal', '', 0, 0, 0, '', 0, 0, NULL, NULL, NULL, NULL, '0', NULL, NULL, 0, 0, NULL, NULL, NULL, 0, '794942', 10, 1619675382, 'http://peisen.nyjianzhan.com/uploads/mobileimg/homepage_image.png', 801.50, NULL, 0.00, NULL, NULL, 1, 1, 1, 1, 1);
INSERT INTO `fa_user` VALUES (477, 0, '17728017847', '17728017847', '297ecd9888527c999b76ef960e5cb3f8', 'UbpumX', '', '17728017847', 'http://peisen.nyjianzhan.com/uploads/mobileimg/avatar_mobile.png', 0, 0, NULL, '', 0.00, 15, 1, 1, 1615863990, 1615863990, '218.70.219.51', 0, '218.70.219.51', 1615863990, 1615863990, 1615863990, '', 'normal', '', 0, 0, 0, '', 0, 0, NULL, NULL, NULL, NULL, '0', NULL, NULL, 0, 0, NULL, NULL, NULL, 0, '', 15, NULL, 'http://peisen.nyjianzhan.com/uploads/mobileimg/homepage_image.png', 0.00, NULL, 0.00, NULL, NULL, 1, 1, 1, 1, 1);
INSERT INTO `fa_user` VALUES (478, 0, 'u478', 'whh', 'ceb1965ee2ed3a57fce1a3bb3e4639ba', '7hHCRx', 'u478@peisen.nyjianzhan.com', '', 'https://thirdwx.qlogo.cn/mmopen/vi_32/jWfMVposd93cBESqaFrW890UaqzsPwAGEA9vdlc3MibTiaF43zETVEjrRBlddRVMSn7mkFrDyQNLjpcVicwEtDX8A/132', 0, 0, NULL, '', 0.00, 75, 1, 1, 1615892941, 1615892941, '139.159.170.24', 0, '139.159.170.24', 1615892941, 1615892941, 1615892941, '', 'normal', '', 0, 0, 0, '', 0, 0, NULL, NULL, NULL, NULL, '0', NULL, NULL, 0, 0, NULL, NULL, NULL, 0, '189275', 75, NULL, 'http://peisen.nyjianzhan.com/uploads/mobileimg/homepage_image.png', 0.00, NULL, 0.00, NULL, NULL, 1, 1, 1, 1, 1);
INSERT INTO `fa_user` VALUES (479, 0, '17610501213', '17610501213', '242b56f6d786301937126e67f3874ca9', 'VT8o9R', '', '17610501213', 'http://peisen.nyjianzhan.com/uploads/mobileimg/avatar_mobile.png', 0, 0, NULL, '', 0.00, 10, 1, 1, 1615969683, 1615969683, '122.228.75.11', 0, '122.228.75.11', 1615969683, 1615969683, 1615969683, '', 'normal', '', 0, 0, 0, '', 0, 0, NULL, NULL, NULL, NULL, '0', NULL, NULL, 0, 0, NULL, NULL, NULL, 0, '', 10, NULL, 'http://peisen.nyjianzhan.com/uploads/mobileimg/homepage_image.png', 0.00, NULL, 0.00, NULL, NULL, 1, 1, 1, 1, 1);
INSERT INTO `fa_user` VALUES (480, 0, '13751940384', '13751940384', 'e6cb48267279a1af57e6548da00b08eb', 'foNCm5', '', '13751940384', 'http://peisen.nyjianzhan.com/uploads/mobileimg/avatar_mobile.png', 0, 0, NULL, '', 0.00, 10, 1, 1, 1615971223, 1615971223, '106.11.0.199', 0, '106.11.0.199', 1615971223, 1615971223, 1615971223, '', 'normal', '', 0, 0, 0, '', 0, 0, NULL, NULL, NULL, NULL, '0', NULL, NULL, 0, 0, NULL, NULL, NULL, 0, '', 10, NULL, 'http://peisen.nyjianzhan.com/uploads/mobileimg/homepage_image.png', 0.00, NULL, 0.00, NULL, NULL, 1, 1, 1, 1, 1);
INSERT INTO `fa_user` VALUES (481, 0, 'u159699', 'u159699', '8efa3fd6c86e01136fd2de19a2f89b51', 'eS8fL0', '', '', 'http://peisen.nyjianzhan.com/uploads/mobileimg/avatar_mobile.png', 0, 0, NULL, '', 0.00, 23, 1, 1, 1615973704, 1615973704, '124.65.9.51', 0, '124.65.9.51', 1615973704, 1615973704, 1615973704, '', 'normal', '', 0, 0, 0, '', 0, 0, NULL, NULL, NULL, NULL, '0', NULL, NULL, 0, 1, NULL, '000772.ec2bcabb8b71416e9dd1017e0cc6ea93.0935', NULL, 0, '159699', 23, NULL, 'http://peisen.nyjianzhan.com/uploads/mobileimg/homepage_image.png', 0.00, NULL, 0.00, NULL, NULL, 1, 1, 1, 1, 1);
INSERT INTO `fa_user` VALUES (482, 0, 'u482', '程小歌', 'bb837ff0ee8c4f4912893b66fecb1728', 'mNCqkz', 'u482@peisen.nyjianzhan.com', '', 'https://thirdwx.qlogo.cn/mmopen/vi_32/DYAIOgq83eowHasJ6uFE8Mq932F7OLa4xroiaibE69dzDCtEK7MC62hmK4zBVE7FhwiaWnkQq0yJagKQqnesbGClA/132', 0, 0, NULL, '', 0.00, 10, 1, 1, 1615978042, 1615978042, '221.223.165.114', 0, '221.223.165.114', 1615978042, 1615978042, 1615978042, '', 'normal', '', 0, 0, 0, '', 0, 0, NULL, NULL, NULL, NULL, '0', NULL, NULL, 0, 0, NULL, NULL, NULL, 0, '395570', 10, NULL, 'http://peisen.nyjianzhan.com/uploads/mobileimg/homepage_image.png', 0.00, NULL, 0.00, NULL, NULL, 1, 1, 1, 1, 1);
INSERT INTO `fa_user` VALUES (483, 0, 'u483', 'Forever the 24th', '9dcf9319a3536903e116fbf359b06727', 'PwVqGb', 'u483@peisen.nyjianzhan.com', '', 'https://thirdwx.qlogo.cn/mmopen/vi_32/Q0j4TwGTfTKCxzQsYib4HMm11xLUckj5Rtd0DwCL4jackaX4XBb6MFIt2ic6XyOIRmjEmicToxYBnntxpico8NTV0w/132', 0, 0, NULL, '', 0.00, 10, 1, 1, 1616132211, 1616132211, '114.253.225.223', 0, '114.253.225.223', 1616132211, 1616132211, 1616132211, '', 'normal', '', 0, 0, 0, '', 0, 0, NULL, NULL, NULL, NULL, '0', NULL, NULL, 0, 0, NULL, NULL, NULL, 0, '625155', 10, NULL, 'http://peisen.nyjianzhan.com/uploads/mobileimg/homepage_image.png', 0.00, NULL, 0.00, NULL, NULL, 1, 1, 1, 1, 1);
INSERT INTO `fa_user` VALUES (484, 0, 'u484', '测试', 'e7a29523aa650d2eef891baf30459925', 'p2lPL8', 'u484@peisen.nyjianzhan.com', '', 'https://thirdwx.qlogo.cn/mmopen/vi_32/Q0j4TwGTfTLjFZzoj63OYd4EJtBBhNA56e1Sd7g4yfhCibmSXnw3jAh8q2htajKsEQFaiaibSLXPKJ3cPib1eUztKw/132', 0, 0, NULL, '', 0.00, 10, 1, 1, 1616570658, 1616570658, '182.254.115.180', 0, '182.254.115.180', 1616570658, 1616570658, 1616570658, '', 'normal', '', 0, 0, 0, '', 0, 0, NULL, NULL, NULL, NULL, '0', NULL, NULL, 0, 0, NULL, NULL, NULL, 0, '486626', 10, NULL, 'http://peisen.nyjianzhan.com/uploads/mobileimg/homepage_image.png', 0.00, NULL, 0.00, NULL, NULL, 1, 1, 1, 1, 1);
INSERT INTO `fa_user` VALUES (485, 0, 'u485', '????马保????', '164ec282515926f8d7072337c6013d26', 'HIGLtc', 'u485@peisen.nyjianzhan.com', '', 'https://thirdwx.qlogo.cn/mmopen/vi_32/Q0j4TwGTfTIktibynJ5XwnX0SuIqAY0nXFIeYmh1Jo4iaRiapEUZkp2DGBz3UJbZsXjD1uUaZ2ic6rcfr0rJY9hjDg/132', 0, 0, NULL, '', 0.00, 10, 1, 1, 1616588986, 1616588986, '223.104.39.164', 0, '223.104.39.164', 1616588985, 1616588985, 1616588986, '', 'normal', '', 0, 0, 0, '', 0, 0, NULL, NULL, NULL, NULL, '0', NULL, NULL, 0, 0, NULL, NULL, NULL, 0, '469166', 10, NULL, 'http://peisen.nyjianzhan.com/uploads/mobileimg/homepage_image.png', 0.00, NULL, 0.00, NULL, NULL, 1, 1, 1, 1, 1);
INSERT INTO `fa_user` VALUES (486, 0, '15917258916', '15917258916', 'c4d8a196a6648efa04bd5b3527b84da3', 'lr0W1Y', '', '15917258916', 'http://peisen.nyjianzhan.com/uploads/mobileimg/avatar_mobile.png', 0, 0, NULL, '', 0.00, 13, 1, 1, 1618235717, 1623421176, '120.239.177.23', 0, '117.136.31.67', 1616728482, 1616728482, 1623421176, '', 'normal', '', 0, 0, 0, '', 0, 0, NULL, NULL, NULL, NULL, '0', NULL, NULL, 0, 1, NULL, NULL, NULL, 0, '', 13, NULL, 'http://peisen.nyjianzhan.com/uploads/mobileimg/homepage_image.png', 0.00, NULL, 0.00, 'null ', NULL, 1, 1, 1, 1, 1);
INSERT INTO `fa_user` VALUES (487, 0, '15101034323', '15101034323', '70c90d5bdd55a68cb0a4303a35dc72eb', 'pDvs07', '', '15101034323', 'http://peisen.nyjianzhan.com/uploads/mobileimg/avatar_mobile.png', 0, 0, NULL, '', 0.00, 13, 1, 1, 1616838298, 1616838298, '223.104.39.72', 0, '223.104.39.72', 1616838298, 1616838298, 1616838298, '', 'normal', '', 0, 0, 0, '', 0, 0, NULL, NULL, NULL, NULL, '0', NULL, NULL, 0, 1, NULL, NULL, NULL, 0, '', 13, NULL, 'http://peisen.nyjianzhan.com/uploads/mobileimg/homepage_image.png', 0.00, NULL, 0.00, NULL, NULL, 1, 1, 1, 1, 1);
INSERT INTO `fa_user` VALUES (488, 0, '18704492484', '18704492484', '4f388404c896a6042982e73ac9146500', '6ojTqu', '', '18704492484', 'http://peisen.nyjianzhan.com/uploads/mobileimg/avatar_mobile.png', 0, 0, NULL, '', 0.00, 13, 1, 1, 1617173610, 1620961912, '117.136.59.25', 0, '36.97.65.96', 1617173609, 1617173609, 1620961912, '', 'normal', '', 0, 0, 0, '', 0, 0, NULL, NULL, NULL, NULL, '0', NULL, NULL, 0, 1, NULL, NULL, NULL, 0, '', 13, NULL, 'http://peisen.nyjianzhan.com/uploads/mobileimg/homepage_image.png', 0.00, NULL, 0.00, '671a00aa1c49fed1a64f3e2f095d3aae', NULL, 1, 1, 1, 1, 1);
INSERT INTO `fa_user` VALUES (489, 0, '13673093160', '13673093160', 'f5eae96d471491b903e9067c61e584f7', 'Art0Yz', '', '13673093160', 'http://peisen.nyjianzhan.com/uploads/mobileimg/avatar_mobile.png', 0, 0, NULL, '', 0.00, 10, 1, 1, 1620226621, 1623892178, '115.58.145.114', 0, '115.58.146.70', 1617182541, 1617182541, 1623892178, '', 'normal', '', 0, 0, 0, '', 0, 0, NULL, NULL, NULL, NULL, '0', NULL, NULL, 0, 0, NULL, NULL, NULL, 0, '', 10, NULL, 'http://peisen.nyjianzhan.com/uploads/mobileimg/homepage_image.png', 0.00, NULL, 0.00, NULL, NULL, 1, 1, 1, 1, 1);
INSERT INTO `fa_user` VALUES (490, 0, '15201455350', '15201455350', 'bd55d5e63fef8407268ed208961998e9', 'fliTNK', '', '15201455350', 'http://peisen.nyjianzhan.com/uploads/mobileimg/avatar_mobile.png', 0, 0, NULL, '', 0.00, 10, 1, 1, 1617194766, 1617194766, '117.136.0.78', 0, '117.136.0.78', 1617194766, 1617194766, 1617194766, '', 'normal', '', 0, 0, 0, '', 0, 0, NULL, NULL, NULL, NULL, '0', NULL, NULL, 0, 0, NULL, NULL, NULL, 0, '', 10, NULL, 'http://peisen.nyjianzhan.com/uploads/mobileimg/homepage_image.png', 0.00, NULL, 0.00, NULL, NULL, 1, 1, 1, 1, 1);
INSERT INTO `fa_user` VALUES (491, 0, 'u491', 'bashell', '75fa8cbf649e53d82de90c306d38fb0b', 'rNTdzZ', 'u491@peisen.nyjianzhan.com', '', 'https://thirdwx.qlogo.cn/mmopen/vi_32/DYAIOgq83er6rtlsDiaiawFdzKEMRZ2JxdJN4picLbicTWqkS1mevNDhJ2PnZic8VW0NibYSGyt4CINeia3yKRHcrzugA/132', 0, 0, NULL, '', 0.00, 16, 1, 1, 1617249307, 1617249307, '124.64.19.234', 0, '124.64.19.234', 1617249307, 1617249307, 1617249307, '', 'normal', '', 0, 0, 0, '', 0, 0, NULL, NULL, NULL, NULL, '0', NULL, NULL, 0, 2, NULL, NULL, NULL, 0, '442915', 16, NULL, 'http://peisen.nyjianzhan.com/uploads/mobileimg/homepage_image.png', 0.00, NULL, 0.00, NULL, NULL, 1, 1, 1, 1, 1);
INSERT INTO `fa_user` VALUES (492, 0, 'u492', '噼里啪啦', 'b56572c074c3689f90cf0fdea5fcca02', 'GwMven', 'u492@peisen.nyjianzhan.com', '', 'https://thirdwx.qlogo.cn/mmopen/vi_32/Q0j4TwGTfTIgwRIFMF3KQVezg0lZ3YHBMATzQRibj1df46OpP27Jf07vNyuGMQt6MwbP1Jf58rfsobhPBD1FGNw/132', 0, 0, NULL, '', 0.00, 10, 1, 1, 1617249626, 1617249626, '114.254.0.47', 0, '114.254.0.47', 1617249626, 1617249626, 1617249626, '', 'normal', '', 0, 0, 0, '', 0, 0, NULL, NULL, NULL, NULL, '0', NULL, NULL, 0, 0, NULL, NULL, NULL, 0, '553876', 10, NULL, 'http://peisen.nyjianzhan.com/uploads/mobileimg/homepage_image.png', 0.00, NULL, 0.00, NULL, NULL, 1, 1, 1, 1, 1);
INSERT INTO `fa_user` VALUES (493, 0, 'u493', '月亮月亮你别睡', '6d6f1ab374b66497dd75f75804fa160f', 'mBQrP2', 'u493@peisen.713cloud.com', '', 'https://thirdwx.qlogo.cn/mmopen/vi_32/yUGsbME9aAnuSuWfRiakgd4ezsXGv5yoO0icdY7N8qqgMun9PicUR0z8XcDQXwBKL4JX41x3CG0JaicIDvY7sHrPrg/132', 0, 0, NULL, '', 0.00, 10, 1, 1, 1617272865, 1617272865, '39.144.24.108', 0, '39.144.24.108', 1617272865, 1617272865, 1617272865, '', 'normal', '', 0, 0, 0, '', 0, 0, NULL, NULL, NULL, NULL, '0', NULL, NULL, 0, 0, NULL, NULL, NULL, 0, '142294', 10, NULL, 'http://peisen.nyjianzhan.com/uploads/mobileimg/homepage_image.png', 0.00, NULL, 0.00, NULL, NULL, 1, 1, 1, 1, 1);
INSERT INTO `fa_user` VALUES (494, 0, 'u494', '王子好', 'febc8246f4059416a06931e16bed4ae7', 'gl48Yo', 'u494@peisen.nyjianzhan.com', '', 'https://thirdwx.qlogo.cn/mmopen/vi_32/DYAIOgq83epTfCibvGNNM75oZy2zlX4IPKvnkPZP2JKU3DDgYiaicwCTMstNymuFHH9mQwhMdamldQtyzr6ziaZ6Vg/132', 0, 0, NULL, '', 0.00, 10, 1, 1, 1617341245, 1617341245, '223.104.39.76', 0, '223.104.39.76', 1617341245, 1617341245, 1617341245, '', 'normal', '', 0, 0, 0, '', 0, 0, NULL, NULL, NULL, NULL, '0', NULL, NULL, 0, 0, NULL, NULL, NULL, 0, '481168', 10, NULL, 'http://peisen.nyjianzhan.com/uploads/mobileimg/homepage_image.png', 0.00, NULL, 0.00, NULL, NULL, 1, 1, 1, 1, 1);
INSERT INTO `fa_user` VALUES (495, 0, 'u495', '小迪', '1df0d9dcbc5e9578e7d2c5a1ecf3d783', 't2ATse', 'u495@peisen.nyjianzhan.com', '', 'https://thirdwx.qlogo.cn/mmopen/vi_32/DYAIOgq83eqKmVMIqxRO03NC7lgGbzsLDZ4l39CKCCnsNPtdZbEgPwiakZ0rzMx6WibOww4icPNX0n7ibyObVdGaFw/132', 0, 1, '1987-10-05', '', 0.00, 47, 1, 1, 1617352805, 1617352805, '222.129.32.85', 0, '222.129.32.85', 1617352805, 1617352805, 1617352805, '', 'normal', '', 0, 0, 0, '', 0, 0, NULL, NULL, NULL, NULL, '0', NULL, NULL, 0, 4, NULL, NULL, NULL, 0, '185255', 47, NULL, 'http://peisen.nyjianzhan.com/uploads/mobileimg/homepage_image.png', 0.00, NULL, 0.00, NULL, NULL, 1, 1, 1, 1, 1);
INSERT INTO `fa_user` VALUES (496, 0, 'u496', '王小王木小木', 'f6814106331b161f3f24abcc3cb09c7f', 'wJsEq0', 'u496@peisen.nyjianzhan.com', '', 'https://thirdwx.qlogo.cn/mmopen/vi_32/DYAIOgq83epkcnmpMqEd5W8c5ribQOFiavuzh93FKYbapPgl6UROib0Er4WqNLu2narBwW8ickjhlfR1Kym2p1PNwA/132', 0, 0, NULL, '', 0.00, 10, 1, 1, 1617364717, 1617364717, '111.196.127.132', 0, '111.196.127.132', 1617364717, 1617364717, 1617364717, '', 'normal', '', 0, 0, 0, '', 0, 0, NULL, NULL, NULL, NULL, '0', NULL, NULL, 0, 0, NULL, NULL, NULL, 0, '803375', 10, NULL, 'http://peisen.nyjianzhan.com/uploads/mobileimg/homepage_image.png', 0.00, NULL, 0.00, NULL, NULL, 1, 1, 1, 1, 1);
INSERT INTO `fa_user` VALUES (497, 0, 'u497', '大梁', '8b54df636a188ef624678cc5365d8abf', '9ZT6uV', 'u497@peisen.nyjianzhan.com', '', 'https://thirdwx.qlogo.cn/mmopen/vi_32/DYAIOgq83epWDILmRM1AplK96P3WDFlLOUkwDegaI7nPVic3njiaicicLMQJOXWia6Q1yIsX16JVaynzia2wurcghicdw/132', 3, 0, NULL, '', 0.00, 10, 1, 1, 1617416259, 1617416259, '111.196.127.132', 0, '111.196.127.132', 1617416259, 1617416259, 1617416259, '', 'normal', '', 0, 0, 0, '', 0, 0, NULL, NULL, NULL, NULL, '0', NULL, NULL, 0, 0, NULL, NULL, NULL, 0, '692638', 10, NULL, 'http://peisen.nyjianzhan.com/uploads/mobileimg/homepage_image.png', 819.00, NULL, 0.00, NULL, NULL, 1, 1, 1, 1, 1);
INSERT INTO `fa_user` VALUES (498, 0, 'u498', '尘', '489d3db78dfa8a39150781e48c4bcc57', 'JsdoYO', 'u498@peisen.nyjianzhan.com', '', 'https://thirdwx.qlogo.cn/mmopen/vi_32/KL4rtGweXQYEXSDpQJ6ibljnEYvnm8QM4PiaNS9I2Nxb2vMfW8KuSu3x31ibiaiaNJ3ZDl85Jqjxx6b5pL2UibxEhSwQ/132', 0, 0, NULL, '', 0.00, 20, 1, 1, 1617432900, 1617432900, '157.122.216.16', 0, '157.122.216.16', 1617432900, 1617432900, 1617432900, '', 'normal', '', 0, 0, 0, '', 0, 0, NULL, NULL, NULL, NULL, '0', NULL, NULL, 0, 0, NULL, NULL, NULL, 0, '236748', 20, NULL, 'http://peisen.nyjianzhan.com/uploads/mobileimg/homepage_image.png', 0.00, NULL, 0.00, NULL, NULL, 1, 1, 1, 1, 1);
INSERT INTO `fa_user` VALUES (499, 0, 'u499', 'STARK宠物工作室', 'cddfd5497a6337695269ac5df3dfed7a', 'p6QT5N', 'u499@peisen.nyjianzhan.com', '', 'https://thirdwx.qlogo.cn/mmopen/vi_32/Q0j4TwGTfTIdwiccmwxa3WVM21en7JINkh5boJpyPyeKsCoxEtSM7lsmIicojLdma0yXzgRg97vpDhONpYWtMiaibA/132', 0, 0, NULL, '', 0.00, 10, 1, 1, 1617680885, 1617680885, '111.196.127.132', 0, '111.196.127.132', 1617680885, 1617680885, 1617680885, '', 'normal', '', 0, 0, 0, '', 0, 0, NULL, NULL, NULL, NULL, '0', NULL, NULL, 0, 0, NULL, NULL, NULL, 0, '596513', 10, NULL, 'http://peisen.nyjianzhan.com/uploads/mobileimg/homepage_image.png', 0.00, NULL, 0.00, NULL, NULL, 1, 1, 1, 1, 1);
INSERT INTO `fa_user` VALUES (500, 0, 'u961105', 'u961105', '223f9fc2f213b173f7a5c1dcf9675ee2', '1mKNgk', '', '', 'http://peisen.nyjianzhan.com/uploads/mobileimg/avatar_mobile.png', 0, 0, NULL, '', 0.00, 20, 3, 3, 1617792034, 1617879368, '17.232.5.49', 0, '17.232.3.244', 1617704632, 1617704632, 1617879368, '', 'normal', '', 0, 0, 0, '', 0, 0, NULL, NULL, NULL, NULL, '0', NULL, NULL, 0, 0, NULL, '001464.a92d8aed63794a40b2090b396aa8ae29.1023', NULL, 0, '961105', 20, NULL, 'http://peisen.nyjianzhan.com/uploads/mobileimg/homepage_image.png', 0.00, NULL, 0.00, NULL, NULL, 1, 1, 1, 1, 1);
INSERT INTO `fa_user` VALUES (501, 0, '15633636207', '15633636207', 'f34e76a80525e2648cac7a7a550a1200', '0sLxU7', '', '15633636207', 'http://peisen.nyjianzhan.com/uploads/mobileimg/avatar_mobile.png', 0, 0, NULL, '', 0.00, 10, 1, 1, 1617738309, 1617738310, '183.198.196.184', 0, '183.198.196.184', 1617738309, 1617738309, 1617738310, '', 'normal', '', 0, 0, 0, '', 0, 0, NULL, NULL, NULL, NULL, '0', NULL, NULL, 0, 0, NULL, NULL, NULL, 0, '', 10, NULL, 'http://peisen.nyjianzhan.com/uploads/mobileimg/homepage_image.png', 0.00, NULL, 0.00, NULL, NULL, 1, 1, 1, 1, 1);
INSERT INTO `fa_user` VALUES (502, 0, 'u502', 'Xujialin????', '1812cd3963607b68f05c669e2dcb89b6', 'hYsebi', 'u502@peisen.nyjianzhan.com', '', 'https://thirdwx.qlogo.cn/mmopen/vi_32/Q0j4TwGTfTIUKt2UaM9cibPj7DDAy4lsZxmuZZqWibLKGc7KRheKibYtH514v8ibcJicauviaz4ATIFoqHpQjgDc7Srg/132', 0, 0, NULL, '', 0.00, 10, 1, 1, 1617857520, 1617857520, '117.136.0.3', 0, '117.136.0.3', 1617857520, 1617857520, 1617857520, '', 'normal', '', 0, 0, 0, '', 0, 0, NULL, NULL, NULL, NULL, '0', NULL, NULL, 0, 0, NULL, NULL, NULL, 0, '320164', 10, NULL, 'http://peisen.nyjianzhan.com/uploads/mobileimg/homepage_image.png', 0.00, NULL, 0.00, NULL, NULL, 1, 1, 1, 1, 1);
INSERT INTO `fa_user` VALUES (503, 0, '16601111246', '16601111246', 'dd541daaa6d6c1ce073ae5864fd43168', 'zbuF83', '', '16601111246', 'http://peisen.nyjianzhan.com/uploads/mobileimg/avatar_mobile.png', 0, 0, NULL, '', 0.00, 13, 1, 1, 1617921313, 1617921314, '106.121.160.94', 0, '106.121.160.94', 1617921313, 1617921313, 1617921314, '', 'normal', '', 0, 0, 0, '', 0, 0, NULL, NULL, NULL, NULL, '0', NULL, NULL, 0, 1, NULL, NULL, NULL, 0, '', 13, NULL, 'http://peisen.nyjianzhan.com/uploads/mobileimg/homepage_image.png', 0.00, NULL, 0.00, NULL, NULL, 1, 1, 1, 1, 1);
INSERT INTO `fa_user` VALUES (504, 0, '13810994806', '13810994806', 'b9ba38321fa2bc658344ec846060c496', 'd2UmjI', '', '13810994806', 'http://peisen.nyjianzhan.com/uploads/mobileimg/avatar_mobile.png', 0, 0, NULL, '', 0.00, 10, 1, 1, 1617936306, 1617936306, '111.203.195.70', 0, '111.203.195.70', 1617936306, 1617936306, 1617936306, '', 'normal', '', 0, 0, 0, '', 0, 0, NULL, NULL, NULL, NULL, '0', NULL, NULL, 0, 0, NULL, NULL, NULL, 0, '', 10, NULL, 'http://peisen.nyjianzhan.com/uploads/mobileimg/homepage_image.png', 0.00, NULL, 0.00, NULL, NULL, 1, 1, 1, 1, 1);
INSERT INTO `fa_user` VALUES (505, 0, '18101243909', '18101243909', 'b58f1fb3a39db110eabec2a08b1c88bf', 'P3Jqmc', '', '18101243909', 'http://peisen.nyjianzhan.com/uploads/mobileimg/avatar_mobile.png', 5, 0, NULL, '', 0.00, 10, 1, 1, 1617967824, 1623225776, '42.102.137.227', 0, '106.121.187.7', 1617967824, 1617967824, 1623225776, '', 'normal', '', 0, 0, 0, '', 0, 0, NULL, NULL, NULL, NULL, '0', NULL, NULL, 0, 0, NULL, NULL, NULL, 0, '', 10, NULL, 'http://peisen.nyjianzhan.com/uploads/mobileimg/homepage_image.png', 9714.50, NULL, 0.00, 'c79bb728cd9898b978b70ab383e4ddad', NULL, 1, 1, 1, 1, 1);
INSERT INTO `fa_user` VALUES (506, 0, '18611501008', '18611501008', 'ab55521ca63bc9e1673c7c58071acaee', 'T2iOWk', '', '18611501008', 'http://peisen.nyjianzhan.com/uploads/mobileimg/avatar_mobile.png', 2, 0, NULL, '', 0.00, 10, 1, 1, 1618140243, 1621334519, '140.207.23.155', 0, '123.114.98.11', 1618140243, 1618140243, 1621334519, '', 'normal', '', 0, 0, 0, '', 0, 0, NULL, NULL, NULL, NULL, '0', NULL, NULL, 0, 0, NULL, NULL, NULL, 0, '', 10, NULL, 'http://peisen.nyjianzhan.com/uploads/mobileimg/homepage_image.png', 253.00, NULL, 0.00, NULL, NULL, 1, 1, 1, 1, 1);
INSERT INTO `fa_user` VALUES (507, 0, '13501229813', '13501229813', '23efbdb5dd8da70b2fbb9b0ceb2a9b73', 'XnuLHs', '', '13501229813', 'http://peisen.nyjianzhan.com/uploads/mobileimg/avatar_mobile.png', 0, 0, NULL, '', 0.00, 10, 1, 1, 1618140289, 1621264345, '123.116.39.249', 0, '223.104.39.30', 1618140289, 1618140289, 1621264345, '', 'normal', '', 0, 0, 0, '', 0, 0, NULL, NULL, NULL, NULL, '0', NULL, NULL, 0, 0, NULL, NULL, NULL, 0, '', 10, NULL, 'http://peisen.nyjianzhan.com/uploads/mobileimg/homepage_image.png', 0.00, NULL, 0.00, NULL, NULL, 1, 1, 1, 1, 1);
INSERT INTO `fa_user` VALUES (508, 0, '18601130760', '18601130760', 'a44004121c22eab64484aea8a7fab7c4', 'JU9nEY', '', '18601130760', 'http://peisen.nyjianzhan.com/uploads/mobileimg/avatar_mobile.png', 0, 0, NULL, '', 0.00, 10, 1, 1, 1618147525, 1618147525, '111.194.45.195', 0, '111.194.45.195', 1618147525, 1618147525, 1618147525, '', 'normal', '', 0, 0, 0, '', 0, 0, NULL, NULL, NULL, NULL, '0', NULL, NULL, 0, 0, NULL, NULL, NULL, 0, '', 10, NULL, 'http://peisen.nyjianzhan.com/uploads/mobileimg/homepage_image.png', 0.00, NULL, 0.00, NULL, NULL, 1, 1, 1, 1, 1);
INSERT INTO `fa_user` VALUES (509, 0, 'u509', '平常', '528473858c9a6838930f0a1199c55bc4', 'Y8m7jc', 'u509@peisen.nyjianzhan.com', '', 'https://thirdwx.qlogo.cn/mmopen/vi_32/iaxs4yEd82gO6rkh65De0gCRkk5W8SJz3JI17VDEnHCEqJ3RMHhOfnIY0qpNneNQnibkeLDeKz2fPkYa4VdVxzfA/132', 0, 0, NULL, '', 0.00, 10, 1, 1, 1618193309, 1618193309, '113.106.160.147', 0, '113.106.160.147', 1618193309, 1618193309, 1618193309, '', 'normal', '', 0, 0, 0, '', 0, 0, NULL, NULL, NULL, NULL, '0', NULL, NULL, 0, 0, NULL, NULL, NULL, 0, '535910', 10, NULL, 'http://peisen.nyjianzhan.com/uploads/mobileimg/homepage_image.png', 0.00, NULL, 0.00, NULL, NULL, 1, 1, 1, 1, 1);
INSERT INTO `fa_user` VALUES (510, 0, '13021921992', '13021921992', '63a8b2c526b238dd268c65f37da50815', '35AcaK', '', '13021921992', 'http://peisen.nyjianzhan.com/uploads/mobileimg/avatar_mobile.png', 0, 0, NULL, '', 0.00, 23, 1, 1, 1618214256, 1622862321, '221.192.178.56', 0, '111.196.122.47', 1618214256, 1618214256, 1622862321, '', 'normal', '', 0, 0, 0, '', 0, 0, NULL, NULL, NULL, NULL, '0', NULL, NULL, 0, 1, NULL, NULL, NULL, 0, '', 23, NULL, 'http://peisen.nyjianzhan.com/uploads/mobileimg/homepage_image.png', 0.00, NULL, 0.00, '7b44602e2f76aba4d0e1e3e74293f691', NULL, 1, 1, 1, 1, 1);
INSERT INTO `fa_user` VALUES (511, 0, 'u511', '桔子盐水????', 'a1cba231eca7cdf49f7eab34bdd2837c', '2twKXI', 'u511@peisen.nyjianzhan.com', '', 'https://thirdwx.qlogo.cn/mmopen/vi_32/Q0j4TwGTfTImIHLLV5Rft1H4njApn0Y2JKM3NkJDqRc1kjEDia8pxfFBnuupZibTVvpMzFMoIphAqviaHKqUh8Ehw/132', 0, 0, NULL, '', 0.00, 10, 1, 1, 1618556314, 1618556314, '223.104.39.29', 0, '223.104.39.29', 1618556314, 1618556314, 1618556314, '', 'normal', '', 0, 0, 0, '', 0, 0, NULL, NULL, NULL, NULL, '0', NULL, NULL, 0, 0, NULL, NULL, NULL, 0, '518719', 10, NULL, 'http://peisen.nyjianzhan.com/uploads/mobileimg/homepage_image.png', 0.00, NULL, 0.00, NULL, NULL, 1, 1, 1, 1, 1);
INSERT INTO `fa_user` VALUES (512, 0, 'u512', '浅浅清荷', 'ede99c79ce5f17f159f6962e3fd425f6', 'e5BVO0', 'u512@peisen.nyjianzhan.com', '', 'https://thirdwx.qlogo.cn/mmopen/vi_32/Q0j4TwGTfTIsbTmeTGxQ7kgaWdgsxiauYFOPv3j1ybsOu7WzfWuTp4nzwUEkSq4iaPWWWgVM3hRPdIT6b4DM773w/132', 0, 0, NULL, '', 0.00, 10, 1, 1, 1618645751, 1618645751, '122.138.226.128', 0, '122.138.226.128', 1618645751, 1618645751, 1618645751, '', 'normal', '', 0, 0, 0, '', 0, 0, NULL, NULL, NULL, NULL, '0', NULL, NULL, 0, 0, NULL, NULL, NULL, 0, '678143', 10, NULL, 'http://peisen.nyjianzhan.com/uploads/mobileimg/homepage_image.png', 0.00, NULL, 0.00, NULL, NULL, 1, 1, 1, 1, 1);
INSERT INTO `fa_user` VALUES (513, 0, '18710008029', '18710008029', 'c7855d135c1874454de1053bdcf9cfa6', 'a8NiHu', '', '18710008029', 'http://peisen.nyjianzhan.com/uploads/mobileimg/avatar_mobile.png', 0, 0, NULL, '', 0.00, 10, 1, 1, 1619064370, 1619064370, '111.197.108.117', 0, '111.197.108.117', 1619064370, 1619064370, 1619064370, '', 'normal', '', 0, 0, 0, '', 0, 0, NULL, NULL, NULL, NULL, '0', NULL, NULL, 0, 0, NULL, NULL, NULL, 0, '', 10, NULL, 'http://peisen.nyjianzhan.com/uploads/mobileimg/homepage_image.png', 0.00, NULL, 0.00, NULL, NULL, 1, 1, 1, 1, 1);
INSERT INTO `fa_user` VALUES (514, 0, 'u514', '胡成功', '23508ceaa97e96ee3d86651fdafb31d3', '95xcIn', 'u514@peisen.nyjianzhan.com', '', 'https://thirdwx.qlogo.cn/mmopen/vi_32/LyiazqEm17fABoypYN5fO4nBtaQ1x4Eo8aYQscmzzkX6AztrB9xkticrjuoVvVIWDdzNeMbsZCRPrtUXzAyaicnyQ/132', 0, 0, NULL, '', 0.00, 10, 1, 1, 1619137379, 1619137379, '39.144.24.97', 0, '39.144.24.97', 1619137379, 1619137379, 1619137379, '', 'normal', '', 0, 0, 0, '', 0, 0, NULL, NULL, NULL, NULL, '0', NULL, NULL, 0, 0, NULL, NULL, NULL, 0, '287235', 10, NULL, 'http://peisen.nyjianzhan.com/uploads/mobileimg/homepage_image.png', 0.00, NULL, 0.00, NULL, NULL, 1, 1, 1, 1, 1);
INSERT INTO `fa_user` VALUES (515, 0, 'u515', '孙小欢童鞋', 'e5dd11469315a57957e979b6403c0b63', 'TLDWVt', 'u515@peisen.nyjianzhan.com', '', 'https://thirdwx.qlogo.cn/mmopen/vi_32/Q0j4TwGTfTJLPCiapc7TImmHVQFow4SLytuggmIGKGqOhppd0sF6joIebVtUdspemLGN6boeNRIPfiaDiao1ysqOw/132', 0, 0, NULL, '', 0.00, 10, 1, 1, 1619258222, 1619258222, '124.64.125.112', 0, '124.64.125.112', 1619258222, 1619258222, 1619258222, '', 'normal', '', 0, 0, 0, '', 0, 0, NULL, NULL, NULL, NULL, '0', NULL, NULL, 0, 0, NULL, NULL, NULL, 0, '453137', 10, NULL, 'http://peisen.nyjianzhan.com/uploads/mobileimg/homepage_image.png', 0.00, NULL, 0.00, NULL, NULL, 1, 1, 1, 1, 1);
INSERT INTO `fa_user` VALUES (516, 0, 'u282655', 'u282655', '69c0c3e6f795d40faaaeee06d78f9c21', 'wGJ9gk', '', '', 'http://peisen.nyjianzhan.com/uploads/mobileimg/avatar_mobile.png', 0, 0, NULL, '', 0.00, 10, 1, 1, 1619347202, 1619347202, '49.93.161.8', 0, '49.93.161.8', 1619347202, 1619347202, 1619347202, '', 'normal', '', 0, 0, 0, '', 0, 0, NULL, NULL, NULL, NULL, '0', NULL, NULL, 0, 0, NULL, '000343.bbfda577271e410f8565f6632a44ddcd.1039', NULL, 0, '282655', 10, NULL, 'http://peisen.nyjianzhan.com/uploads/mobileimg/homepage_image.png', 0.00, NULL, 0.00, NULL, NULL, 1, 1, 1, 1, 1);
INSERT INTO `fa_user` VALUES (517, 0, '15301735903', '15301735903', '6ebf00d886dd0eb573a20734aedd55fe', '1UfdcF', '', '15301735903', 'http://peisen.nyjianzhan.com/uploads/mobileimg/avatar_mobile.png', 0, 0, NULL, '', 0.00, 13, 1, 1, 1619418436, 1619418436, '110.53.253.137', 0, '110.53.253.137', 1619418436, 1619418436, 1619418436, '', 'normal', '', 0, 0, 0, '', 0, 0, NULL, NULL, NULL, NULL, '0', NULL, NULL, 0, 1, NULL, NULL, NULL, 0, '', 13, NULL, 'http://peisen.nyjianzhan.com/uploads/mobileimg/homepage_image.png', 0.00, NULL, 0.00, NULL, NULL, 1, 1, 1, 1, 1);
INSERT INTO `fa_user` VALUES (518, 0, 'u518', 'A网络营销～冯威', '45fa5d78d25614a0838e878c8cbf0f19', 'MiCcdB', 'u518@peisen.nyjianzhan.com', '', 'https://thirdwx.qlogo.cn/mmopen/vi_32/Q0j4TwGTfTJGGWHaJiazlSbJoByJCVlL7Z45foPDRE11icfUooBayRTWiag8gh2Hwq20sRZlYasbGkLDmXcst4iaWg/132', 0, 0, NULL, '', 0.00, 10, 1, 1, 1619490812, 1619490812, '61.158.147.63', 0, '61.158.147.63', 1619490812, 1619490812, 1619490812, '', 'normal', '', 0, 0, 0, '', 0, 0, NULL, NULL, NULL, NULL, '0', NULL, NULL, 0, 0, NULL, NULL, NULL, 0, '660582', 10, NULL, 'http://peisen.nyjianzhan.com/uploads/mobileimg/homepage_image.png', 0.00, NULL, 0.00, NULL, NULL, 1, 1, 1, 1, 1);
INSERT INTO `fa_user` VALUES (519, 0, '13023718251', '13023718251', 'f0d62b23bc11662b5e10056f69d5e726', 'IT0aXe', '', '13023718251', 'http://peisen.nyjianzhan.com/uploads/mobileimg/avatar_mobile.png', 0, 0, NULL, '', 0.00, 10, 1, 1, 1619490930, 1619490930, '61.158.146.236', 0, '61.158.146.236', 1619490930, 1619490930, 1619490930, '', 'normal', '', 0, 0, 0, '', 0, 0, NULL, NULL, NULL, NULL, '0', NULL, NULL, 0, 0, NULL, NULL, NULL, 0, '', 10, NULL, 'http://peisen.nyjianzhan.com/uploads/mobileimg/homepage_image.png', 0.00, NULL, 0.00, NULL, NULL, 1, 1, 1, 1, 1);
INSERT INTO `fa_user` VALUES (520, 0, 'u520', 'eleven', 'c57be2a1452260ec4b0863f81021db2e', 'JF3AtE', 'u520@peisen.nyjianzhan.com', '', 'https://thirdwx.qlogo.cn/mmopen/vi_32/Q0j4TwGTfTKStArTNTTAWI3ibp2hMnT6ibMdE4cSP4QSg6hRMnmoC2GrlUfSZqShsejBjbI6IR8Hmu8eEk3PaQFA/132', 0, 0, NULL, '', 0.00, 10, 1, 1, 1619608312, 1619608312, '114.242.250.16', 0, '114.242.250.16', 1619608312, 1619608312, 1619608312, '', 'normal', '', 0, 0, 0, '', 0, 0, NULL, NULL, NULL, NULL, '0', NULL, NULL, 0, 0, NULL, NULL, NULL, 0, '368410', 10, NULL, 'http://peisen.nyjianzhan.com/uploads/mobileimg/homepage_image.png', 0.00, NULL, 0.00, NULL, NULL, 1, 1, 1, 1, 1);
INSERT INTO `fa_user` VALUES (521, 0, 'u521', 'Sean', '37fdbd73ddecdf1788df6eb2f37e0a16', 'CzQMG3', 'u521@peisen.nyjianzhan.com', '', 'https://thirdwx.qlogo.cn/mmopen/vi_32/GCNUn1n4CPiaMuVncIvb0u0FnhFFFjVxalj5WnoYnnich1OtrMDciczYkJjDwuSdDmYdVNZmibcIe2c04Cmo7Vuyuw/132', 0, 0, NULL, '', 0.00, 10, 1, 1, 1619678699, 1619678699, '124.64.18.130', 0, '124.64.18.130', 1619678699, 1619678699, 1619678699, '', 'normal', '', 0, 0, 0, '', 0, 0, NULL, NULL, NULL, NULL, '0', NULL, NULL, 0, 0, NULL, NULL, NULL, 0, '577789', 10, NULL, 'http://peisen.nyjianzhan.com/uploads/mobileimg/homepage_image.png', 0.00, NULL, 0.00, NULL, NULL, 1, 1, 1, 1, 1);
INSERT INTO `fa_user` VALUES (522, 0, '18550515261', '18550515261', 'fbf838b1435ab5567a5bc7f1e85aa438', '4xnjMS', '', '18550515261', 'http://peisen.nyjianzhan.com/uploads/mobileimg/avatar_mobile.png', 0, 0, NULL, '', 0.00, 10, 1, 1, 1619696540, 1619696540, '114.242.250.196', 0, '114.242.250.196', 1619696540, 1619696540, 1619696540, '', 'normal', '', 0, 0, 0, '', 0, 0, NULL, NULL, NULL, NULL, '0', NULL, NULL, 0, 0, NULL, NULL, NULL, 0, '', 10, NULL, 'http://peisen.nyjianzhan.com/uploads/mobileimg/homepage_image.png', 0.00, NULL, 0.00, NULL, NULL, 1, 1, 1, 1, 1);
INSERT INTO `fa_user` VALUES (523, 0, '15652141405', '15652141405', '1018a9e5cc30e66f3010b3480f6c8ac7', 'v9uGal', '', '15652141405', 'http://peisen.nyjianzhan.com/uploads/mobileimg/avatar_mobile.png', 0, 0, NULL, '', 0.00, 10, 1, 1, 1619697832, 1619921829, '112.78.69.28', 0, '61.148.244.229', 1619697832, 1619697832, 1619921829, '', 'normal', '', 0, 0, 0, '', 0, 0, NULL, NULL, NULL, NULL, '0', NULL, NULL, 0, 0, NULL, NULL, NULL, 0, '', 10, NULL, 'http://peisen.nyjianzhan.com/uploads/mobileimg/homepage_image.png', 0.00, NULL, 0.00, NULL, NULL, 1, 1, 1, 1, 1);
INSERT INTO `fa_user` VALUES (524, 0, 'u524', '????', '5f637841bdf2e3b8cd5924be04a713af', '7vKuEe', 'u524@peisen.nyjianzhan.com', '', 'https://thirdwx.qlogo.cn/mmopen/vi_32/Q0j4TwGTfTKdxqDB5nmiazpDcaOKf2Yh9jZibAFOjjbY5MKgaSzoXDm4n38apkuBgjJcvMCB4dLjKqibCB6jvqqcg/132', 0, 0, NULL, '', 0.00, 10, 1, 1, 1619701209, 1619701209, '223.104.63.5', 0, '223.104.63.5', 1619701209, 1619701209, 1619701209, '', 'normal', '', 0, 0, 0, '', 0, 0, NULL, NULL, NULL, NULL, '0', NULL, NULL, 0, 0, NULL, NULL, NULL, 0, '219367', 10, NULL, 'http://peisen.nyjianzhan.com/uploads/mobileimg/homepage_image.png', 0.00, NULL, 0.00, NULL, NULL, 1, 1, 1, 1, 1);
INSERT INTO `fa_user` VALUES (525, 0, 'u525', '张凤亭', '4fef5bf2daf8b990c64e7d28608c7c33', 'ADgrc1', 'u525@peisen.nyjianzhan.com', '', 'https://thirdwx.qlogo.cn/mmopen/vi_32/Q0j4TwGTfTLuAicsPOEh7z7EBd6thWtC1AvJhlM3bknJ4HSJ16tbyB7EJbibYxibloniarQgJf7uZNRynR3PbJbQLQ/132', 0, 0, NULL, '', 0.00, 10, 1, 1, 1619762280, 1619772583, '125.34.75.120', 0, '223.104.39.122', 1619762280, 1619762280, 1619772583, '', 'normal', '', 0, 0, 0, '', 0, 0, NULL, NULL, NULL, NULL, '0', NULL, NULL, 0, 0, NULL, NULL, NULL, 0, '740775', 10, NULL, 'http://peisen.nyjianzhan.com/uploads/mobileimg/homepage_image.png', 0.00, NULL, 0.00, NULL, NULL, 1, 1, 1, 1, 1);
INSERT INTO `fa_user` VALUES (526, 0, '18611648559', '18611648559', '96d6d8fa57334c4ae2a01d146ea84eac', 'GbriPX', '', '18611648559', 'http://peisen.nyjianzhan.com/uploads/mobileimg/avatar_mobile.png', 0, 0, NULL, '', 0.00, 10, 1, 1, 1619776785, 1619776785, '111.193.203.222', 0, '111.193.203.222', 1619776785, 1619776785, 1619776785, '', 'normal', '', 0, 0, 0, '', 0, 0, NULL, NULL, NULL, NULL, '0', NULL, NULL, 0, 0, NULL, NULL, NULL, 0, '', 10, NULL, 'http://peisen.nyjianzhan.com/uploads/mobileimg/homepage_image.png', 0.00, NULL, 0.00, NULL, NULL, 1, 1, 1, 1, 1);
INSERT INTO `fa_user` VALUES (527, 0, 'u527', '阿白', '02dd346aef02b36c4ec91211d3e96068', '5Z4Iam', 'u527@peisen.nyjianzhan.com', '', 'https://thirdwx.qlogo.cn/mmopen/vi_32/Q3auHgzwzM6xHVSSQvmpWToKV33tyndOIVhsnl0Xy987E5dojPucA66OQV1wCqu5WsgTFERjYDLejFjC2zMVsA/132', 0, 0, NULL, '', 0.00, 10, 1, 1, 1619789701, 1619789701, '120.244.28.78', 0, '120.244.28.78', 1619789701, 1619789701, 1619789701, '', 'normal', '', 0, 0, 0, '', 0, 0, NULL, NULL, NULL, NULL, '0', NULL, NULL, 0, 0, NULL, NULL, NULL, 0, '320637', 10, NULL, 'http://peisen.nyjianzhan.com/uploads/mobileimg/homepage_image.png', 0.00, NULL, 0.00, NULL, NULL, 1, 1, 1, 1, 1);
INSERT INTO `fa_user` VALUES (528, 0, 'u528', '欢乐马群耀', 'e538b6f078700186244ff1162ac954a0', 'O9AxLe', 'u528@peisen.nyjianzhan.com', '', 'https://thirdwx.qlogo.cn/mmopen/vi_32/Q0j4TwGTfTJUJxnF9aQ60I1oc7aE0BRmCcZcDPPxppoOWiaskHUHWOlFOhr7ia3CA2VnDjp7ADBf8PQyHn8ibTFNw/132', 0, 0, NULL, '', 0.00, 10, 1, 1, 1619825915, 1619825915, '120.244.28.176', 0, '120.244.28.176', 1619825915, 1619825915, 1619825915, '', 'normal', '', 0, 0, 0, '', 0, 0, NULL, NULL, NULL, NULL, '0', NULL, NULL, 0, 0, NULL, NULL, NULL, 0, '912524', 10, NULL, 'http://peisen.nyjianzhan.com/uploads/mobileimg/homepage_image.png', 0.00, NULL, 0.00, NULL, NULL, 1, 1, 1, 1, 1);
INSERT INTO `fa_user` VALUES (529, 0, '13581903790', '13581903790', '43db1d907e3435ba7f2e160cb7472800', 'I2agbf', '', '13581903790', 'http://peisen.nyjianzhan.com/uploads/mobileimg/avatar_mobile.png', 0, 0, NULL, '', 0.00, 15, 1, 1, 1619836060, 1619836060, '221.222.20.1', 0, '221.222.20.1', 1619836060, 1619836060, 1619836060, '', 'normal', '', 0, 0, 0, '', 0, 0, NULL, NULL, NULL, NULL, '0', NULL, NULL, 0, 0, NULL, NULL, NULL, 0, '', 15, NULL, 'http://peisen.nyjianzhan.com/uploads/mobileimg/homepage_image.png', 0.00, NULL, 0.00, NULL, NULL, 1, 1, 1, 1, 1);
INSERT INTO `fa_user` VALUES (530, 0, 'u530', '崔小宝', '35fff2941e68da07ce171f0f416a85d8', 'SARsld', 'u530@peisen.nyjianzhan.com', '', 'https://thirdwx.qlogo.cn/mmopen/vi_32/DYAIOgq83epYvaFib8iaY9lALybtC8lJ0rXtfqoG4LXvHU6QmCDIhQsVSIibDicvZaA7HkGBMuTlTiabuDI0zrY6Xjw/132', 0, 0, NULL, '', 0.00, 10, 1, 1, 1619837051, 1619837051, '114.242.250.188', 0, '114.242.250.188', 1619837051, 1619837051, 1619837051, '', 'normal', '', 0, 0, 0, '', 0, 0, NULL, NULL, NULL, NULL, '0', NULL, NULL, 0, 0, NULL, NULL, NULL, 0, '837180', 10, NULL, 'http://peisen.nyjianzhan.com/uploads/mobileimg/homepage_image.png', 0.00, NULL, 0.00, NULL, NULL, 1, 1, 1, 1, 1);
INSERT INTO `fa_user` VALUES (531, 0, '18811519229', '18811519229', '0346fee04c102def591e3edc9cdae8bb', 'nbtdsA', '', '18811519229', 'http://peisen.nyjianzhan.com/uploads/mobileimg/avatar_mobile.png', 0, 0, NULL, '', 0.00, 10, 1, 1, 1619837201, 1619837201, '223.104.39.42', 0, '223.104.39.42', 1619837201, 1619837201, 1619837201, '', 'normal', '', 0, 0, 0, '', 0, 0, NULL, NULL, NULL, NULL, '0', NULL, NULL, 0, 0, NULL, NULL, NULL, 0, '', 10, NULL, 'http://peisen.nyjianzhan.com/uploads/mobileimg/homepage_image.png', 0.00, NULL, 0.00, NULL, NULL, 1, 1, 1, 1, 1);
INSERT INTO `fa_user` VALUES (532, 0, '13848288384', '13848288384', 'ac1e34d235654834940ecd720621930e', '0DER4l', '', '13848288384', 'http://peisen.nyjianzhan.com/uploads/mobileimg/avatar_mobile.png', 0, 0, NULL, '', 0.00, 10, 1, 1, 1619837671, 1619837671, '223.104.178.76', 0, '223.104.178.76', 1619837671, 1619837671, 1619837671, '', 'normal', '', 0, 0, 0, '', 0, 0, NULL, NULL, NULL, NULL, '0', NULL, NULL, 0, 0, NULL, NULL, NULL, 0, '', 10, NULL, 'http://peisen.nyjianzhan.com/uploads/mobileimg/homepage_image.png', 0.00, NULL, 0.00, NULL, NULL, 1, 1, 1, 1, 1);
INSERT INTO `fa_user` VALUES (533, 0, '19856451249', '19856451249', 'e10f65682e15f0d67f46f4fdd8a2be96', '83piOP', '', '19856451249', 'http://peisen.nyjianzhan.com/uploads/mobileimg/avatar_mobile.png', 0, 0, NULL, '', 0.00, 10, 1, 1, 1619838788, 1619838788, '223.104.39.121', 0, '223.104.39.121', 1619838788, 1619838788, 1619838788, '', 'normal', '', 0, 0, 0, '', 0, 0, NULL, NULL, NULL, NULL, '0', NULL, NULL, 0, 0, NULL, NULL, NULL, 0, '', 10, NULL, 'http://peisen.nyjianzhan.com/uploads/mobileimg/homepage_image.png', 0.00, NULL, 0.00, NULL, NULL, 1, 1, 1, 1, 1);
INSERT INTO `fa_user` VALUES (534, 0, 'u534', 'Sisi', '122bafcacb71232a437094080bf59236', 'TsU4c8', 'u534@peisen.nyjianzhan.com', '', 'https://thirdwx.qlogo.cn/mmopen/vi_32/Q0j4TwGTfTK1OpqJY2EMIPn4Ku9te9syVdJtqcH2Igdu0cT8Oiaiaic7SPozRktS8HK6B3Wnbx4RyD8XSvkVvgKNw/132', 0, 0, NULL, '', 0.00, 10, 1, 1, 1619838814, 1619838814, '223.104.39.81', 0, '223.104.39.81', 1619838814, 1619838814, 1619838814, '', 'normal', '', 0, 0, 0, '', 0, 0, NULL, NULL, NULL, NULL, '0', NULL, NULL, 0, 0, NULL, NULL, NULL, 0, '876558', 10, NULL, 'http://peisen.nyjianzhan.com/uploads/mobileimg/homepage_image.png', 0.00, NULL, 0.00, NULL, NULL, 1, 1, 1, 1, 1);
INSERT INTO `fa_user` VALUES (535, 0, '17645187639', '17645187639', 'e7cf9bdf6883cf2f6f6ac182de43d56f', '4My7WG', '', '17645187639', 'http://peisen.nyjianzhan.com/uploads/mobileimg/avatar_mobile.png', 0, 0, NULL, '', 0.00, 10, 1, 1, 1619838912, 1619838912, '124.64.18.60', 0, '124.64.18.60', 1619838912, 1619838912, 1619838912, '', 'normal', '', 0, 0, 0, '', 0, 0, NULL, NULL, NULL, NULL, '0', NULL, NULL, 0, 0, NULL, NULL, NULL, 0, '', 10, NULL, 'http://peisen.nyjianzhan.com/uploads/mobileimg/homepage_image.png', 0.00, NULL, 0.00, NULL, NULL, 1, 1, 1, 1, 1);
INSERT INTO `fa_user` VALUES (536, 0, 'u536', '任见', '1bcadfcb93d75747148a49a204de1f66', 'CxaDWu', 'u536@peisen.nyjianzhan.com', '', 'https://thirdwx.qlogo.cn/mmopen/vi_32/PiajxSqBRaEIGdUHIf0VoGSpdkVzYDc75U8lYViaQ4BN1IgrhzgQ9CzWN8flPtzXGBWwLLlu5jib5Wibb3UlibhK8ug/132', 0, 0, NULL, '', 0.00, 10, 1, 1, 1619853080, 1619853080, '223.104.39.125', 0, '223.104.39.125', 1619853080, 1619853080, 1619853080, '', 'normal', '', 0, 0, 0, '', 0, 0, NULL, NULL, NULL, NULL, '0', NULL, NULL, 0, 0, NULL, NULL, NULL, 0, '338631', 10, NULL, 'http://peisen.nyjianzhan.com/uploads/mobileimg/homepage_image.png', 0.00, NULL, 0.00, NULL, NULL, 1, 1, 1, 1, 1);
INSERT INTO `fa_user` VALUES (537, 0, 'u537', '莎莎', 'b43696ec695b37bd4a7ea5e2bbd23db7', 'HzuwXf', 'u537@peisen.nyjianzhan.com', '', 'https://thirdwx.qlogo.cn/mmopen/vi_32/DYAIOgq83ep6bTXNKFj2wsUnN3l0Gu7F6hWYP7BcYkttmncNNPCiaeQ0icicg0EoOb9kNus3rA6Hlgzh9gjUAFgug/132', 0, 0, NULL, '', 0.00, 10, 1, 1, 1619853119, 1619853119, '125.34.75.120', 0, '125.34.75.120', 1619853119, 1619853119, 1619853119, '', 'normal', '', 0, 0, 0, '', 0, 0, NULL, NULL, NULL, NULL, '0', NULL, NULL, 0, 0, NULL, NULL, NULL, 0, '534050', 10, NULL, 'http://peisen.nyjianzhan.com/uploads/mobileimg/homepage_image.png', 0.00, NULL, 0.00, NULL, NULL, 1, 1, 1, 1, 1);
INSERT INTO `fa_user` VALUES (538, 0, '18701666636', '18701666636', '0a5126269ec85c26e488325585b1bf02', 'YTPlFq', '', '18701666636', 'http://peisen.nyjianzhan.com/uploads/mobileimg/avatar_mobile.png', 0, 0, NULL, '', 0.00, 10, 1, 1, 1619867271, 1619867271, '223.104.39.138', 0, '223.104.39.138', 1619867271, 1619867271, 1619867271, '', 'normal', '', 0, 0, 0, '', 0, 0, NULL, NULL, NULL, NULL, '0', NULL, NULL, 0, 0, NULL, NULL, NULL, 0, '', 10, NULL, 'http://peisen.nyjianzhan.com/uploads/mobileimg/homepage_image.png', 0.00, NULL, 0.00, NULL, NULL, 1, 1, 1, 1, 1);
INSERT INTO `fa_user` VALUES (539, 0, 'u539', 'Vincent', 'c1f9ceb5d7b928a86e59234182417ce9', 'etUfsC', 'u539@peisen.nyjianzhan.com', '', 'https://thirdwx.qlogo.cn/mmopen/vi_32/DYAIOgq83ep1sic2z6qibm9Lico7fZaOd7cKRQZSzyJBRDHulWuHuATjDlQtvYFvzALlXK4ibfzHoLgrJFgEDIicFvA/132', 3, 0, NULL, '', 0.00, 13, 1, 1, 1619919325, 1619919325, '124.64.18.5', 0, '124.64.18.5', 1619919325, 1619919325, 1619919325, '', 'normal', '', 0, 0, 0, '', 0, 0, NULL, NULL, NULL, NULL, '0', NULL, NULL, 0, 1, NULL, NULL, NULL, 0, '509004', 13, NULL, 'http://peisen.nyjianzhan.com/uploads/mobileimg/homepage_image.png', 0.00, NULL, 0.00, NULL, NULL, 1, 1, 1, 1, 1);
INSERT INTO `fa_user` VALUES (540, 0, 'u540', '勇往直前ZCP', 'bf0e235fcc3952b0c6580e8f3df7370c', 'ZYtI2W', 'u540@peisen.nyjianzhan.com', '', 'https://thirdwx.qlogo.cn/mmopen/vi_32/Q0j4TwGTfTITuZ8Y6GtARVjJiaicgAoHzbAJuKIDCnLeXTUQSSnJtCQyl5nPytXxgBGsklHKvYOILdKQWiabE5Khg/132', 0, 0, NULL, '', 0.00, 10, 1, 1, 1619920079, 1619920079, '223.104.39.66', 0, '223.104.39.66', 1619920079, 1619920079, 1619920079, '', 'normal', '', 0, 0, 0, '', 0, 0, NULL, NULL, NULL, NULL, '0', NULL, NULL, 0, 0, NULL, NULL, NULL, 0, '329910', 10, NULL, 'http://peisen.nyjianzhan.com/uploads/mobileimg/homepage_image.png', 0.00, NULL, 0.00, NULL, NULL, 1, 1, 1, 1, 1);
INSERT INTO `fa_user` VALUES (541, 0, 'u541', '????wzx-湘????', 'da65984ec0f767dd245ad94617be3c74', 'YmMNqn', 'u541@peisen.nyjianzhan.com', '', 'https://thirdwx.qlogo.cn/mmopen/vi_32/Q0j4TwGTfTIWe0mLP2LPhsb9KSjnYFvuawNXOgNvloBvLmKQzem5gCmT9VL6CGqibiaJF2WnOHzJXAdBVyQ2JLoQ/132', 0, 0, NULL, '', 0.00, 10, 1, 1, 1619929231, 1619929232, '223.104.39.124', 0, '223.104.39.124', 1619929231, 1619929231, 1619929232, '', 'normal', '', 0, 0, 0, '', 0, 0, NULL, NULL, NULL, NULL, '0', NULL, NULL, 0, 0, NULL, NULL, NULL, 0, '308013', 10, NULL, 'http://peisen.nyjianzhan.com/uploads/mobileimg/homepage_image.png', 0.00, NULL, 0.00, NULL, NULL, 1, 1, 1, 1, 1);
INSERT INTO `fa_user` VALUES (542, 0, 'u542', '静静', 'c6b0bf35e4c3f2bc9fa4c054a259c483', 'Y79MsP', 'u542@peisen.nyjianzhan.com', '', 'https://thirdwx.qlogo.cn/mmopen/vi_32/Q0j4TwGTfTLjFZzoj63OYQMLhicbx4BSGJsufNu6iaziaxibHnPz7WmJjldCOkSxra3Q6ib0ndEL5pfvyd48YuLboCw/132', 0, 0, NULL, '', 0.00, 10, 1, 1, 1619937655, 1619937655, '222.88.158.51', 0, '222.88.158.51', 1619937655, 1619937655, 1619937655, '', 'normal', '', 0, 0, 0, '', 0, 0, NULL, NULL, NULL, NULL, '0', NULL, NULL, 0, 0, NULL, NULL, NULL, 0, '781676', 10, NULL, 'http://peisen.nyjianzhan.com/uploads/mobileimg/homepage_image.png', 0.00, NULL, 0.00, NULL, NULL, 1, 1, 1, 1, 1);
INSERT INTO `fa_user` VALUES (543, 0, 'u543', 'Cherry????', '1205f8f49670c6bb459d80fdaa423c1b', 'p1Stjk', 'u543@peisen.nyjianzhan.com', '18544123888', 'https://thirdwx.qlogo.cn/mmopen/vi_32/VMFIw6BYW50QyrSLNs8wQM17f9hSyzJRRmQdM92YORoMicyc4I6TzKodxaHK4oKviaHAnn4ciclK6B0tf6lWMDiahQ/132', 0, 0, NULL, '', 0.00, 10, 1, 1, 1620003701, 1620003701, '124.64.16.243', 0, '124.64.16.243', 1620003701, 1620003701, 1620003701, '', 'normal', '', 0, 0, 0, '', 0, 0, NULL, NULL, NULL, NULL, '0', NULL, NULL, 0, 0, NULL, NULL, NULL, 0, '997579', 10, NULL, 'http://peisen.nyjianzhan.com/uploads/mobileimg/homepage_image.png', 0.00, NULL, 0.00, NULL, NULL, 1, 1, 1, 1, 1);
INSERT INTO `fa_user` VALUES (544, 0, 'u544', 'BinbBing', 'a39fc5fa3891a6926113b1e2348aa700', 'XCw6tu', 'u544@peisen.nyjianzhan.com', '', 'https://thirdwx.qlogo.cn/mmopen/vi_32/pic9klVpKnk6eEfMicjN5fcVjqicyP1gr4LTMqyP49IxCMiaFqaibrBBEgJC6DIIk6JRdqTSaYNfhlgnQojEUtwTxVg/132', 0, 0, NULL, '', 0.00, 10, 1, 1, 1620224639, 1620224639, '223.64.28.174', 0, '223.64.28.174', 1620224639, 1620224639, 1620224639, '', 'normal', '', 0, 0, 0, '', 0, 0, NULL, NULL, NULL, NULL, '0', NULL, NULL, 0, 0, NULL, NULL, NULL, 0, '458518', 10, NULL, 'http://peisen.nyjianzhan.com/uploads/mobileimg/homepage_image.png', 0.00, NULL, 0.00, NULL, NULL, 1, 1, 1, 1, 1);
INSERT INTO `fa_user` VALUES (545, 0, 'u545', '程永磊', '32bc24d60c55ecd9063d6232ab3f1037', '3pHFEc', 'u545@peisen.nyjianzhan.com', '', 'https://thirdwx.qlogo.cn/mmopen/vi_32/DYAIOgq83eonPR7tBtqSbydsTfDiaYH0X2O3vyJoCibgOQZSS8UBC8GXJtpX4pZ0czryFiaQtBds2mkl5lEZHfx8w/132', 0, 0, NULL, '', 0.00, 10, 1, 1, 1620351042, 1620351042, '42.232.68.125', 0, '42.232.68.125', 1620351042, 1620351042, 1620351042, '', 'normal', '', 0, 0, 0, '', 0, 0, NULL, NULL, NULL, NULL, '0', NULL, NULL, 0, 0, NULL, NULL, NULL, 0, '721758', 10, NULL, 'http://peisen.nyjianzhan.com/uploads/mobileimg/homepage_image.png', 0.00, NULL, 0.00, NULL, NULL, 1, 1, 1, 1, 1);
INSERT INTO `fa_user` VALUES (546, 0, '18944767901', '18944767901', '54fd5b7ed424e3dbf1378e459101c643', 'Vtmhjg', '', '18944767901', 'http://peisen.nyjianzhan.com/uploads/mobileimg/avatar_mobile.png', 0, 0, NULL, '', 0.00, 10, 1, 1, 1620440034, 1620440034, '171.223.209.250', 0, '171.223.209.250', 1620440034, 1620440034, 1620440034, '', 'normal', '', 0, 0, 0, '', 0, 0, NULL, NULL, NULL, NULL, '0', NULL, NULL, 0, 0, NULL, NULL, NULL, 0, '', 10, NULL, 'http://peisen.nyjianzhan.com/uploads/mobileimg/homepage_image.png', 0.00, NULL, 0.00, NULL, NULL, 1, 1, 1, 1, 1);
INSERT INTO `fa_user` VALUES (547, 0, 'u547', '宠溺', '37103e47505a9b20b38e92026ec928f3', 'FlWiCa', 'u547@peisen.nyjianzhan.com', '', 'https://thirdwx.qlogo.cn/mmopen/vi_32/DYAIOgq83eoO2ckcmFNicpiaYCbvsFgWVEtibZ6WJbPic5qbjCFxUzibpen6fFhTWPnNVP8EYlUZKqv1ocTaAvNicHoA/132', 0, 0, NULL, '', 0.00, 13, 1, 1, 1620816888, 1620816888, '171.9.206.25', 0, '171.9.206.25', 1620816888, 1620816888, 1620816888, '', 'normal', '', 0, 0, 0, '', 0, 0, NULL, NULL, NULL, NULL, '0', NULL, NULL, 0, 1, NULL, NULL, NULL, 0, '868255', 13, NULL, 'http://peisen.nyjianzhan.com/uploads/mobileimg/homepage_image.png', 0.00, NULL, 0.00, NULL, NULL, 1, 1, 1, 1, 1);
INSERT INTO `fa_user` VALUES (548, 0, 'u548', 'Mars', '55425e3676caef977c51a23b837c16a0', 'XTpDkW', 'u548@peisen.nyjianzhan.com', '', 'https://thirdwx.qlogo.cn/mmopen/vi_32/Q0j4TwGTfTLRrKIc8jbZRPUJwXI1XIS5libicLPlmkDDiayPIBeYSwbViaXd77y05kbmGVLv2CWbQ3eQRSLJYoI50A/132', 0, 0, NULL, '', 0.00, 23, 1, 1, 1620974099, 1620974099, '223.104.39.25', 0, '223.104.39.25', 1620974099, 1620974099, 1620974099, '', 'normal', '', 0, 0, 0, '', 0, 0, NULL, NULL, NULL, NULL, '0', NULL, NULL, 0, 1, NULL, NULL, NULL, 0, '615170', 23, NULL, 'http://peisen.nyjianzhan.com/uploads/mobileimg/homepage_image.png', 0.00, NULL, 0.00, '292f0730c2db0e0fcfedf8075d217900', NULL, 1, 1, 1, 1, 1);
INSERT INTO `fa_user` VALUES (549, 0, 'u549', '????', '20bae585ff94c625f7ca9c4a6a9bc420', 'eOg3k0', 'u549@peisen.nyjianzhan.com', '', 'https://thirdwx.qlogo.cn/mmopen/vi_32/Q0j4TwGTfTKLxMQoLIFuPs6f7FJnhVrbtk6icHvKs5AbGQGwnLFqlreuIQFX9UavNEJHUP4gBcwRI8WMemqGptA/132', 0, 0, NULL, '', 0.00, 10, 1, 1, 1621121545, 1621121545, '112.235.50.233', 0, '112.235.50.233', 1621121544, 1621121544, 1621121545, '', 'normal', '', 0, 0, 0, '', 0, 0, NULL, NULL, NULL, NULL, '0', NULL, NULL, 0, 0, NULL, NULL, NULL, 0, '888235', 10, NULL, 'http://peisen.nyjianzhan.com/uploads/mobileimg/homepage_image.png', 0.00, NULL, 0.00, NULL, NULL, 1, 1, 1, 1, 1);
INSERT INTO `fa_user` VALUES (550, 0, 'u550', '小白牙', 'c2510f7e426f25fadd3d4c63218789c9', 'pqVBm0', 'u550@peisen.nyjianzhan.com', '', 'https://thirdwx.qlogo.cn/mmopen/vi_32/Q0j4TwGTfTKIsYic7CNqia4pF4oyibp7rKVdIARmmziad68baD0gGRScZCuBJorcQ59bcqN2TibJxayeBqAfHhiaicG9g/132', 0, 0, NULL, '', 0.00, 10, 1, 1, 1621234204, 1621234204, '39.144.181.177', 0, '39.144.181.177', 1621234204, 1621234204, 1621234204, '', 'normal', '', 0, 0, 0, '', 0, 0, NULL, NULL, NULL, NULL, '0', NULL, NULL, 0, 0, NULL, NULL, NULL, 0, '675202', 10, NULL, 'http://peisen.nyjianzhan.com/uploads/mobileimg/homepage_image.png', 0.00, NULL, 0.00, NULL, NULL, 1, 1, 1, 1, 1);
INSERT INTO `fa_user` VALUES (551, 0, 'u551', 'Heaven。', '8a5f3cdbb558537e1805040627fec071', '4R2Bro', 'u551@peisen.nyjianzhan.com', '', 'https://thirdwx.qlogo.cn/mmopen/vi_32/nZNZmYn8lDNFhsokHtuKKuPibM0NWBzgZO8StA4UnYQOtcy6KN10HAEKC9Jgw3a8I9n5BYdbKwcUF3GPUnqC3kQ/132', 0, 0, NULL, '', 0.00, 12, 1, 1, 1621422366, 1621422366, '61.148.243.171', 0, '61.148.243.171', 1621422366, 1621422366, 1621422366, '', 'normal', '', 0, 0, 0, '', 0, 0, NULL, NULL, NULL, NULL, '0', NULL, NULL, 0, 0, NULL, NULL, NULL, 0, '102237', 12, NULL, 'http://peisen.nyjianzhan.com/uploads/mobileimg/homepage_image.png', 0.00, NULL, 0.00, NULL, NULL, 1, 1, 1, 1, 1);
INSERT INTO `fa_user` VALUES (552, 0, 'u552', 'MeiMei_Q', 'acd4e97f18ede6e54bc9e39016eaf58e', '80Kupn', 'u552@peisen.nyjianzhan.com', '', 'https://thirdwx.qlogo.cn/mmopen/vi_32/pV7g6NclSVAJxsrXVp1XpMEhqeFB9GPt6MgiaqJGdSlbyh10iaVnX2IJHr4ygkTMHVnuLWyfhnM8kKIhAp8fd3NA/132', 0, 0, NULL, '', 0.00, 10, 1, 1, 1621569466, 1621569466, '183.253.28.100', 0, '183.253.28.100', 1621569466, 1621569466, 1621569466, '', 'normal', '', 0, 0, 0, '', 0, 0, NULL, NULL, NULL, NULL, '0', NULL, NULL, 0, 0, NULL, NULL, NULL, 0, '371018', 10, NULL, 'http://peisen.nyjianzhan.com/uploads/mobileimg/homepage_image.png', 0.00, NULL, 0.00, NULL, NULL, 1, 1, 1, 1, 1);
INSERT INTO `fa_user` VALUES (553, 0, 'u553', 'o', 'f7a6f7485e3315347a566db685660593', 'BLq7Ms', 'u553@peisen.nyjianzhan.com', '', 'https://thirdwx.qlogo.cn/mmopen/vi_32/Q0j4TwGTfTIktibynJ5XwnZdbOZtdnVJY5nHlTzW3O9NlyTzx0D4SQA6TjKFsa8CqicHbL2FImpCA5kM6U2n49KA/132', 0, 0, NULL, '', 0.00, 10, 1, 1, 1621649556, 1621649556, '117.136.0.17', 0, '117.136.0.17', 1621649556, 1621649556, 1621649556, '', 'normal', '', 0, 0, 0, '', 0, 0, NULL, NULL, NULL, NULL, '0', NULL, NULL, 0, 0, NULL, NULL, NULL, 0, '624235', 10, NULL, 'http://peisen.nyjianzhan.com/uploads/mobileimg/homepage_image.png', 0.00, NULL, 0.00, NULL, NULL, 1, 1, 1, 1, 1);
INSERT INTO `fa_user` VALUES (554, 0, '15311718011', '15311718011', 'f3ca705256008897e1a77cac2e161b7f', 'I6AJYX', '', '15311718011', 'http://peisen.nyjianzhan.com/uploads/mobileimg/avatar_mobile.png', 0, 0, NULL, '', 0.00, 10, 1, 1, 1621650355, 1621650355, '101.41.158.245', 0, '101.41.158.245', 1621650355, 1621650355, 1621650355, '', 'normal', '', 0, 0, 0, '', 0, 0, NULL, NULL, NULL, NULL, '0', NULL, NULL, 0, 0, NULL, NULL, NULL, 0, '', 10, NULL, 'http://peisen.nyjianzhan.com/uploads/mobileimg/homepage_image.png', 0.00, NULL, 0.00, NULL, NULL, 1, 1, 1, 1, 1);
INSERT INTO `fa_user` VALUES (555, 0, '18539495363', '18539495363', '670827c533f3b7cdf0a08d64b508fb7a', 'pKxs8o', '', '18539495363', 'http://peisen.nyjianzhan.com/uploads/mobileimg/avatar_mobile.png', 0, 0, NULL, '', 0.00, 10, 1, 1, 1621839661, 1621839661, '125.41.185.211', 0, '125.41.185.211', 1621839661, 1621839661, 1621839661, '', 'normal', '', 0, 0, 0, '', 0, 0, NULL, NULL, NULL, NULL, '0', NULL, NULL, 0, 0, NULL, NULL, NULL, 0, '', 10, NULL, 'http://peisen.nyjianzhan.com/uploads/mobileimg/homepage_image.png', 0.00, NULL, 0.00, NULL, NULL, 1, 1, 1, 1, 1);
INSERT INTO `fa_user` VALUES (556, 0, '17692607382', '17692607382', '9eeffb1baa49026fb1b25da562b24ced', 'dClcus', '', '17692607382', 'http://peisen.nyjianzhan.com/uploads/mobileimg/avatar_mobile.png', 0, 0, NULL, '', 0.00, 10, 1, 1, 1621908445, 1621908445, '124.64.19.203', 0, '124.64.19.203', 1621908445, 1621908445, 1621908445, '', 'normal', '', 0, 0, 0, '', 0, 0, NULL, NULL, NULL, NULL, '0', NULL, NULL, 0, 0, NULL, NULL, NULL, 0, '', 10, NULL, 'http://peisen.nyjianzhan.com/uploads/mobileimg/homepage_image.png', 0.00, NULL, 0.00, NULL, NULL, 1, 1, 1, 1, 1);
INSERT INTO `fa_user` VALUES (557, 0, '15536246671', '一只肥嘟嘟', 'a1fa0931eaae314c28e554b31ccea7dc', 'ublpf2', '', '15536246671', 'http://psjy.oss-cn-beijing.aliyuncs.com/uploads/20210525/20210525162193308791342.png', 0, 1, '2019-05-25', '', 0.00, 92, 1, 1, 1621930231, 1623314395, '120.244.140.58', 0, '223.104.39.8', 1621930231, 1621930231, 1623314395, '', 'normal', '', 0, 0, 0, '', 0, 0, NULL, NULL, NULL, NULL, '0', NULL, NULL, 0, 3, NULL, NULL, NULL, 15, '', 92, NULL, 'http://peisen.nyjianzhan.com/uploads/mobileimg/homepage_image.png', 0.00, NULL, 0.00, '3739acdfe00b677c9afd3a2b6d5867ce', NULL, 1, 1, 1, 1, 1);
INSERT INTO `fa_user` VALUES (558, 0, 'u558', '老P', 'ca2960102510bb75840886b936ef89a5', '0M78je', 'u558@peisen.nyjianzhan.com', '', 'https://thirdwx.qlogo.cn/mmopen/vi_32/Q0j4TwGTfTK2eotCiaN2hxOC8CflzEA7Bxbsvtjnib4IXDVgmiaIVLyo3vzxOQuwzXyWUYibZIP3Q7kwLLwGuNfhibA/132', 0, 0, NULL, '', 0.00, 10, 1, 1, 1621996562, 1621996562, '61.148.245.166', 0, '61.148.245.166', 1621996562, 1621996562, 1621996562, '', 'normal', '', 0, 0, 0, '', 0, 0, NULL, NULL, NULL, NULL, '0', NULL, NULL, 0, 0, NULL, NULL, NULL, 0, '463688', 10, NULL, 'http://peisen.nyjianzhan.com/uploads/mobileimg/homepage_image.png', 0.00, NULL, 0.00, NULL, NULL, 1, 1, 1, 1, 1);
INSERT INTO `fa_user` VALUES (559, 0, 'u559', '夏目', 'b4aae4d1a43807b94f9b7d66ad5e3c8d', 'kZI9qB', 'u559@peisen.nyjianzhan.com', '18620323782', 'https://thirdwx.qlogo.cn/mmopen/vi_32/8DSxg0QCuQEQNOnBnYQDqqESGE3ESO7AeqhjBjuwMWkutSjR2Gk52t0MldaibmPSc2kebncxSt5f3zK7HJITLpg/132', 0, 0, NULL, '', 0.00, 22, 1, 1, 1621998395, 1621998398, '157.122.216.16', 0, '157.122.216.16', 1621998395, 1621998395, 1621998398, '', 'normal', '', 0, 0, 0, '', 0, 0, NULL, NULL, NULL, NULL, '0', NULL, NULL, 0, 0, NULL, NULL, NULL, 0, '829544', 22, NULL, 'http://peisen.nyjianzhan.com/uploads/mobileimg/homepage_image.png', 0.00, NULL, 0.00, NULL, NULL, 1, 0, 1, 1, 1);
INSERT INTO `fa_user` VALUES (560, 0, 'u560', '????', 'c50c55a7580e29b629fb9042449df563', 'WZFjDB', 'u560@peisen.nyjianzhan.com', '', 'https://thirdwx.qlogo.cn/mmopen/vi_32/JXCpr8AZf8iaBzLmZWrysbLCagBHJIEH5VnGQzr4uTrwoMHKImiauesNSwt9gL8qLIlKJ7JWwHe0MZic5omtFjcbw/132', 0, 0, NULL, '', 0.00, 10, 1, 1, 1621999669, 1621999670, '121.13.218.237', 0, '121.13.218.237', 1621999669, 1621999669, 1621999670, '', 'normal', '', 0, 0, 0, '', 0, 0, NULL, NULL, NULL, NULL, '0', NULL, NULL, 0, 0, NULL, NULL, NULL, 0, '133528', 10, NULL, 'http://peisen.nyjianzhan.com/uploads/mobileimg/homepage_image.png', 0.00, NULL, 0.00, NULL, NULL, 1, 1, 1, 1, 1);
INSERT INTO `fa_user` VALUES (561, 0, 'u561', '热爱生活、', '982a75d5dbde2e31be191bde610af91a', '3GlkS6', 'u561@peisen.nyjianzhan.com', '', 'https://thirdwx.qlogo.cn/mmopen/vi_32/DYAIOgq83ep1EOuaPvBxj6Sm3WJ63b6JxWKiarDJp4rp11qPa4AYrpCDpwhwR7w4ce5bAtIQQJcFwvhqhhMLficw/132', 0, 0, NULL, '', 0.00, 10, 1, 1, 1622006755, 1622006755, '182.103.197.104', 0, '182.103.197.104', 1622006755, 1622006755, 1622006755, '', 'normal', '', 0, 0, 0, '', 0, 0, NULL, NULL, NULL, NULL, '0', NULL, NULL, 0, 0, NULL, NULL, NULL, 0, '490522', 10, NULL, 'http://peisen.nyjianzhan.com/uploads/mobileimg/homepage_image.png', 0.00, NULL, 0.00, NULL, NULL, 1, 1, 1, 1, 1);
INSERT INTO `fa_user` VALUES (562, 0, 'u562', '大龙', '2a44fde6e3cc3c6f4b826381267f71a9', 'NqARkw', 'u562@peisen.nyjianzhan.com', '', 'https://thirdwx.qlogo.cn/mmopen/vi_32/JRsX9GSGiaPeUcCs5JCERg5iaj86ApyO3rhh9rtHlTRIWmq6AZmHsY8dg1icNgTbkicwicv8Vg0SVYYTaqFhmycdWzg/132', 0, 0, NULL, '', 0.00, 40, 1, 1, 1622109053, 1622109053, '36.48.79.130', 0, '36.48.79.130', 1622109053, 1622109053, 1622109053, '', 'normal', '', 0, 0, 0, '', 0, 0, NULL, NULL, NULL, NULL, '0', NULL, NULL, 0, 2, NULL, NULL, NULL, 0, '178679', 40, NULL, 'http://peisen.nyjianzhan.com/uploads/mobileimg/homepage_image.png', 0.00, NULL, 0.00, NULL, NULL, 1, 1, 1, 1, 1);
INSERT INTO `fa_user` VALUES (682, 0, '15139013132', '15139013132', '38d6a8f4dd5aba1dff0b0132800fb94c', 'NPL9li', '', '15139013132', 'http://peisen.nyjianzhan.com/uploads/mobileimg/avatar_mobile.png', 0, 0, NULL, '', 0.00, 10, 1, 1, 1622431244, 1624240662, '125.45.107.187', 0, '223.91.71.98', 1622217694, 1622217694, 1624240662, '', 'normal', '', 0, 0, 0, '', 0, 0, NULL, NULL, NULL, NULL, '0', NULL, NULL, 0, 0, NULL, NULL, NULL, 0, '', 10, NULL, 'http://peisen.nyjianzhan.com/uploads/mobileimg/homepage_image.png', 0.00, NULL, 0.00, 'd8521e32ff4dd65943f76889d7cde4b2', NULL, 1, 1, 1, 1, 1);
INSERT INTO `fa_user` VALUES (683, 0, 'u683', 'A       Holy. L', '0d8e49faedbfb2ce07f47edf2102cd60', 'LQ3hVu', 'u683@peisen.nyjianzhan.com', '', 'https://thirdwx.qlogo.cn/mmopen/vi_32/PiajxSqBRaEI8v0kiahnMar661vQ31ogF5kicpKibzGy9bynFLfqPuyQLWaOMRaJps5UfXyM8a8ZAmiaX5hvkNnM9QQ/132', 0, 0, NULL, '', 0.00, 10, 1, 1, 1622249305, 1622249305, '223.104.39.24', 0, '223.104.39.24', 1622249305, 1622249305, 1622249305, '', 'normal', '', 0, 0, 0, '', 0, 0, NULL, NULL, NULL, NULL, '0', NULL, NULL, 0, 0, NULL, NULL, NULL, 0, '161828', 10, NULL, 'http://peisen.nyjianzhan.com/uploads/mobileimg/homepage_image.png', 0.00, NULL, 0.00, NULL, NULL, 1, 1, 1, 1, 1);
INSERT INTO `fa_user` VALUES (684, 0, 'u684', 'MQ', '4b0a98ac3137d9931005cac0dba8ca10', 'BFoQ1g', 'u684@peisen.nyjianzhan.com', '', 'https://thirdwx.qlogo.cn/mmopen/vi_32/DYAIOgq83erp5iao9MFQ9gibxjOtFw9E5MBbECZzQziaic933c8B6oZ5ibeCxL0NjK2Dfib8brwwqicbRiaATyeWDRicN4A/132', 0, 0, NULL, '', 0.00, 10, 1, 1, 1622259320, 1622259320, '124.64.123.73', 0, '124.64.123.73', 1622259320, 1622259320, 1622259320, '', 'normal', '', 0, 0, 0, '', 0, 0, NULL, NULL, NULL, NULL, '0', NULL, NULL, 0, 0, NULL, NULL, NULL, 0, '592350', 10, NULL, 'http://peisen.nyjianzhan.com/uploads/mobileimg/homepage_image.png', 0.00, NULL, 0.00, NULL, NULL, 1, 1, 1, 1, 1);
INSERT INTO `fa_user` VALUES (685, 0, 'u685', '作茧自缚', '836b690d7ee2d1be3d5ca8eba3c661ed', 'SJBtX4', 'u685@peisen.nyjianzhan.com', '', 'https://thirdwx.qlogo.cn/mmopen/vi_32/Q0j4TwGTfTI7Du9kqJEAdllIiaiazXJz5VDUvoTnIdlTkQf4Vd1J7kqTWPEaBtibiaj7icF7MahrBice4CP7kwiaUZNUA/132', 0, 0, NULL, '', 0.00, 10, 1, 1, 1622283497, 1622283497, '221.222.180.75', 0, '221.222.180.75', 1622283497, 1622283497, 1622283497, '', 'normal', '', 0, 0, 0, '', 0, 0, NULL, NULL, NULL, NULL, '0', NULL, NULL, 0, 0, NULL, NULL, NULL, 0, '859521', 10, NULL, 'http://peisen.nyjianzhan.com/uploads/mobileimg/homepage_image.png', 0.00, NULL, 0.00, NULL, NULL, 1, 1, 1, 1, 1);
INSERT INTO `fa_user` VALUES (686, 0, 'u686', '刘畅', '073c9c8a8bf2dfd6fa0e43265962e0a7', 'lhsmSr', 'u686@peisen.nyjianzhan.com', '', 'https://thirdwx.qlogo.cn/mmopen/vi_32/DYAIOgq83eqZ6icQVSibQOC5qKicKsGiciam0Tibo8MW19jODpSJG9L9MmuzUchO1icqQQ60HG7qINbbLUkaKo6GUicfaQ/132', 0, 0, NULL, '', 0.00, 10, 1, 1, 1622284033, 1622284033, '220.195.72.250', 0, '220.195.72.250', 1622284033, 1622284033, 1622284033, '', 'normal', '', 0, 0, 0, '', 0, 0, NULL, NULL, NULL, NULL, '0', NULL, NULL, 0, 0, NULL, NULL, NULL, 0, '347498', 10, NULL, 'http://peisen.nyjianzhan.com/uploads/mobileimg/homepage_image.png', 0.00, NULL, 0.00, NULL, NULL, 1, 1, 1, 1, 1);
INSERT INTO `fa_user` VALUES (687, 0, 'u687', '徐延', 'ad0af3b267e20c0c02494c7fc949b943', '8xvo1F', 'u687@peisen.nyjianzhan.com', '', 'https://thirdwx.qlogo.cn/mmopen/vi_32/jQ9yF7llhib7Sb5QtjS9DJmUPibRNlaS3syH0iar9wib8vv6nRUu0VHicHBWZib3x0xMiaIDUDtZSMV54Cic4XicE1GTbYg/132', 0, 0, NULL, '', 0.00, 10, 1, 1, 1622340726, 1622340726, '1.30.6.27', 0, '1.30.6.27', 1622340726, 1622340726, 1622340726, '', 'normal', '', 0, 0, 0, '', 0, 0, NULL, NULL, NULL, NULL, '0', NULL, NULL, 0, 0, NULL, NULL, NULL, 0, '718867', 10, NULL, 'http://peisen.nyjianzhan.com/uploads/mobileimg/homepage_image.png', 0.00, NULL, 0.00, NULL, NULL, 1, 1, 1, 1, 1);
INSERT INTO `fa_user` VALUES (688, 0, '14743176888', '14743176888', '1e8c5f15c934a8e2121f3fa3534c4d3c', 'xoAdcS', '', '14743176888', 'http://peisen.nyjianzhan.com/uploads/mobileimg/avatar_mobile.png', 0, 0, NULL, '', 0.00, 13, 1, 1, 1622360843, 1622360843, '117.136.59.40', 0, '117.136.59.40', 1622360843, 1622360843, 1622360843, '', 'normal', '', 0, 0, 0, '', 0, 0, NULL, NULL, NULL, NULL, '0', NULL, NULL, 0, 1, NULL, NULL, NULL, 0, '', 13, NULL, 'http://peisen.nyjianzhan.com/uploads/mobileimg/homepage_image.png', 0.00, NULL, 0.00, 'c0c08c70dc945ac0d5ae44ef001add7d', NULL, 1, 1, 1, 1, 1);
INSERT INTO `fa_user` VALUES (689, 0, 'u689', '独家记忆Jelly', '37f2d858d79cdf6ace4f9ded54bd0f77', 'hCdXfo', 'u689@peisen.nyjianzhan.com', '', 'https://thirdwx.qlogo.cn/mmopen/vi_32/qibIUzv4No6nOxvrFwyBeJa5iaKItEAicStAiaWHD6LEhrgmSEa2fyZlIllPBKceicTiamZlobZoiah0nD0CnjKWCPYIw/132', 0, 0, NULL, '', 0.00, 10, 1, 1, 1622526610, 1622526614, '221.222.182.214', 0, '221.222.182.214', 1622526610, 1622526610, 1622526614, '', 'normal', '', 0, 0, 0, '', 0, 0, NULL, NULL, NULL, NULL, '0', NULL, NULL, 0, 0, NULL, NULL, NULL, 0, '412831', 10, NULL, 'http://peisen.nyjianzhan.com/uploads/mobileimg/homepage_image.png', 0.00, NULL, 0.00, NULL, NULL, 1, 1, 1, 1, 1);
INSERT INTO `fa_user` VALUES (690, 0, '13521724305', '13521724305', '33bb2a16814615d3d755bbc0c5f70452', 'y8MbVJ', '', '13521724305', 'http://peisen.nyjianzhan.com/uploads/mobileimg/avatar_mobile.png', 0, 0, NULL, '', 0.00, 10, 1, 1, 1622531689, 1622531689, '223.104.41.179', 0, '223.104.41.179', 1622531689, 1622531689, 1622531689, '', 'normal', '', 0, 0, 0, '', 0, 0, NULL, NULL, NULL, NULL, '0', NULL, NULL, 0, 0, NULL, NULL, NULL, 0, '', 10, NULL, 'http://peisen.nyjianzhan.com/uploads/mobileimg/homepage_image.png', 0.00, NULL, 0.00, 'null ', NULL, 1, 1, 1, 1, 1);
INSERT INTO `fa_user` VALUES (691, 0, 'u691', 'weeeeeeeeeeeed', '899fb0aa0b09a28abb95c144847baf30', 'oRKJzj', 'u691@peisen.nyjianzhan.com', '', 'https://thirdwx.qlogo.cn/mmopen/vi_32/PiajxSqBRaEJgl2vff3WaGyKWyW4EFNCf63X7RTicfCpTZhgOyFKC1hI94RicGTFurAYRQjobf4Y6ab7RGZbXBAFg/132', 0, 0, NULL, '', 0.00, 10, 1, 1, 1622630053, 1622630054, '223.104.19.220', 0, '223.104.19.220', 1622630053, 1622630053, 1622630054, '', 'normal', '', 0, 0, 0, '', 0, 0, NULL, NULL, NULL, NULL, '0', NULL, NULL, 0, 0, NULL, NULL, NULL, 0, '560834', 10, NULL, 'http://peisen.nyjianzhan.com/uploads/mobileimg/homepage_image.png', 0.00, NULL, 0.00, 'c4783a85f3910b77d1db78699c22559a', NULL, 1, 1, 1, 1, 1);
INSERT INTO `fa_user` VALUES (692, 0, 'u692', '', '231c1d6b2349122176ebd430f534c065', 'mb0JIn', 'u692@peisen.nyjianzhan.com', '', 'https://thirdwx.qlogo.cn/mmopen/vi_32/sOmp7eW9WvCibMQz0JFUGYaW8me9EIvu1nDicpNrsPZc3LKAZYojjTbLT0UZViaCkmb1wAA6X6c2F3reRib99acAxA/132', 0, 0, NULL, '', 0.00, 10, 1, 1, 1622768757, 1622768757, '117.189.33.161', 0, '117.189.33.161', 1622768757, 1622768757, 1622768757, '', 'normal', '', 0, 0, 0, '', 0, 0, NULL, NULL, NULL, NULL, '0', NULL, NULL, 0, 0, NULL, NULL, NULL, 0, '695641', 10, NULL, 'http://peisen.nyjianzhan.com/uploads/mobileimg/homepage_image.png', 0.00, NULL, 0.00, NULL, NULL, 1, 1, 1, 1, 1);
INSERT INTO `fa_user` VALUES (693, 0, 'u693', 'HL', 'c7dc86b54194558852cde79826456b29', 'puSJgf', 'u693@peisen.nyjianzhan.com', '', 'https://thirdwx.qlogo.cn/mmopen/vi_32/Q0j4TwGTfTId5SbkueSsc7aU9K4SL8OdjllJvutjeBlwdCeNBfYfdNgK6SEialia2ePiaiaFoAWoXopqI5lEKMh3nw/132', 0, 0, NULL, '', 0.00, 10, 1, 1, 1622859384, 1622859384, '211.94.254.166', 0, '211.94.254.166', 1622859384, 1622859384, 1622859384, '', 'normal', '', 0, 0, 0, '', 0, 0, NULL, NULL, NULL, NULL, '0', NULL, NULL, 0, 0, NULL, NULL, NULL, 0, '815212', 10, NULL, 'http://peisen.nyjianzhan.com/uploads/mobileimg/homepage_image.png', 0.00, NULL, 0.00, '7b44602e2f76aba4d0e1e3e74293f691', NULL, 1, 1, 1, 1, 1);
INSERT INTO `fa_user` VALUES (694, 0, '13115053868', '13115053868', '654a226e17355338f49545c7944e6571', '5wqdhE', '', '13115053868', 'http://peisen.nyjianzhan.com/uploads/mobileimg/avatar_mobile.png', 0, 0, NULL, '', 0.00, 10, 1, 1, 1623110385, 1623110385, '120.244.232.240', 0, '120.244.232.240', 1623110385, 1623110385, 1623110385, '', 'normal', '', 0, 0, 0, '', 0, 0, NULL, NULL, NULL, NULL, '0', NULL, NULL, 0, 0, NULL, NULL, NULL, 0, '', 10, NULL, 'http://peisen.nyjianzhan.com/uploads/mobileimg/homepage_image.png', 0.00, NULL, 0.00, 'fdbb62465072425380c7307999b29d5b', NULL, 1, 1, 1, 1, 1);
INSERT INTO `fa_user` VALUES (695, 0, '18678359841', '左期', 'e4b2b8a1f42d63560896e3a1ccb6d728', '2mrzhC', '', '18678359841', 'http://psjy.oss-cn-beijing.aliyuncs.com/uploads/20210610/20210610162331205717461.png', 0, 1, NULL, '', 0.00, 31, 1, 1, 1623291352, 1623291352, '120.244.140.58', 0, '120.244.140.58', 1623291352, 1623291352, 1623291352, '', 'normal', '', 0, 0, 0, '', 0, 0, NULL, NULL, NULL, NULL, '0', NULL, NULL, 0, 0, NULL, NULL, NULL, 0, '', 31, NULL, 'http://peisen.nyjianzhan.com/uploads/mobileimg/homepage_image.png', 0.00, NULL, 0.00, 'null ', NULL, 1, 1, 1, 1, 1);
INSERT INTO `fa_user` VALUES (696, 0, 'u696', '花糟糟', '59b2be9fbe16693f7d596c26a3df7e3f', 'TDCsLi', 'u696@peisen.nyjianzhan.com', '', 'https://thirdwx.qlogo.cn/mmopen/vi_32/pAh2NktN26aHPdZaTFCSib2UHEwUyAibwpDGibUfR2wdB1wIYR39sgUpWVAfq5bPRnKtbicZGN9nHtchCKKkVybDtw/132', 0, 0, NULL, '', 0.00, 10, 1, 1, 1623305870, 1623305870, '59.36.12.15', 0, '59.36.12.15', 1623305870, 1623305870, 1623305870, '', 'normal', '', 0, 0, 0, '', 0, 0, NULL, NULL, NULL, NULL, '0', NULL, NULL, 0, 0, NULL, NULL, NULL, 0, '869439', 10, NULL, 'http://peisen.nyjianzhan.com/uploads/mobileimg/homepage_image.png', 0.00, NULL, 0.00, 'null ', NULL, 1, 1, 1, 1, 1);
INSERT INTO `fa_user` VALUES (697, 0, 'u697', '初九', 'ae08260dafc045c8adc042f00247baac', 'lQVzcv', 'u697@peisen.nyjianzhan.com', '', 'https://thirdwx.qlogo.cn/mmopen/vi_32/Q0j4TwGTfTJcicJmCoRogaOJsqI3EGS2fvIJj4VyyzeooricAsAATDSxTWh3kfQGenzchxMLvJ5yMFSfyibUpjGvQ/132', 0, 0, NULL, '', 0.00, 10, 1, 1, 1623312736, 1623312736, '125.120.84.211', 0, '125.120.84.211', 1623312736, 1623312736, 1623312736, '', 'normal', '', 0, 0, 0, '', 0, 0, NULL, NULL, NULL, NULL, '0', NULL, NULL, 0, 0, NULL, NULL, NULL, 0, '325112', 10, NULL, 'http://peisen.nyjianzhan.com/uploads/mobileimg/homepage_image.png', 0.00, NULL, 0.00, '37759013f1f43563fe397f1af6f0bfe0', NULL, 1, 1, 1, 1, 1);
INSERT INTO `fa_user` VALUES (698, 0, 'u698', 'xin', '1b4b6d17db8254394a146307a0476f78', '0lzcFN', 'u698@peisen.nyjianzhan.com', '', 'https://thirdwx.qlogo.cn/mmopen/vi_32/DYAIOgq83epicKeOoVTSBLicwynOrEt193QfiamwVicFeUSl5VxbHueaWuaE6CQdYsXGMleI83yMrtkN7YmX9HQ7cg/132', 0, 0, NULL, '', 0.00, 15, 2, 2, 1623479703, 1623479705, '223.104.104.196', 0, '223.104.39.40', 1623389007, 1623389007, 1623479705, '', 'normal', '', 0, 0, 0, '', 0, 0, NULL, NULL, NULL, NULL, '0', NULL, NULL, 0, 0, NULL, NULL, NULL, 0, '494603', 15, NULL, 'http://peisen.nyjianzhan.com/uploads/mobileimg/homepage_image.png', 0.00, NULL, 0.00, 'd0086827a2bd65d881960705a43ff057', NULL, 1, 1, 1, 1, 1);
INSERT INTO `fa_user` VALUES (699, 0, 'u699', 'Jane Chrestella', 'd77521ee5839391819e9019f36ed68b8', 'ZotucA', 'u699@peisen.nyjianzhan.com', '', 'https://thirdwx.qlogo.cn/mmopen/vi_32/5WLLCcpvMo8HBCImsohoUH9aWFR0miaWeU47H5fKUNwZ816O1ZBGLico7cxH3ohmia6J1iaOQk3Eq0zrHCaWkETicGQ/132', 0, 0, NULL, '', 0.00, 10, 1, 1, 1623412418, 1623412418, '114.242.249.161', 0, '114.242.249.161', 1623412418, 1623412418, 1623412418, '', 'normal', '', 0, 0, 0, '', 0, 0, NULL, NULL, NULL, NULL, '0', NULL, NULL, 0, 0, NULL, NULL, NULL, 0, '781605', 10, NULL, 'http://peisen.nyjianzhan.com/uploads/mobileimg/homepage_image.png', 0.00, NULL, 0.00, NULL, NULL, 1, 1, 1, 1, 1);
INSERT INTO `fa_user` VALUES (700, 0, '13581905873', '13581905873', '2f4030b7d60ae57ced70b859cfef0bcd', 'sSiCpX', '', '13581905873', 'http://peisen.nyjianzhan.com/uploads/mobileimg/avatar_mobile.png', 0, 0, NULL, '', 0.00, 10, 1, 1, 1623480623, 1623480623, '111.199.102.241', 0, '111.199.102.241', 1623480623, 1623480623, 1623480623, '', 'normal', '', 0, 0, 0, '', 0, 0, NULL, NULL, NULL, NULL, '0', NULL, NULL, 0, 0, NULL, NULL, NULL, 0, '', 10, NULL, 'http://peisen.nyjianzhan.com/uploads/mobileimg/homepage_image.png', 0.00, NULL, 0.00, 'aa848bd2a36774755a80c45dbd61a671', NULL, 1, 1, 1, 1, 1);
INSERT INTO `fa_user` VALUES (701, 0, 'u701', '陈勺子', '82d242e5289890bb84103acbde639135', 'KfpIEZ', 'u701@peisen.nyjianzhan.com', '18222934486', 'https://thirdwx.qlogo.cn/mmopen/vi_32/DYAIOgq83eoZIUpiasBAichiaK2msEa6xibgxk5aP73Lgw7FLP6z5Zuza9CqT9lBfibOiaF32Llcg7Hlk9Mt1yqu4wBw/132', 0, 0, NULL, '', 0.00, 10, 1, 1, 1623482690, 1623482690, '221.216.116.131', 0, '221.216.116.131', 1623482690, 1623482690, 1623482690, '', 'normal', '', 0, 0, 0, '', 0, 0, NULL, NULL, NULL, NULL, '0', NULL, NULL, 0, 0, NULL, NULL, NULL, 0, '965054', 10, NULL, 'http://peisen.nyjianzhan.com/uploads/mobileimg/homepage_image.png', 0.00, NULL, 0.00, 'ad75a322e368b62d995c258344c80c17', NULL, 1, 1, 1, 1, 1);
INSERT INTO `fa_user` VALUES (702, 0, 'u702', 'GikY.', '76b4d7596e61fe0d010f009e9fa7fb54', 'MYUCp3', 'u702@peisen.nyjianzhan.com', '', 'https://thirdwx.qlogo.cn/mmopen/vi_32/Z9XVfCLickt2wkvOhRglXowwFspsBSzZbIIibIHPBkibKzAqksXBVfESNvguP3Lq82FKm9ECOkjokfL635I2QBmUw/132', 0, 0, NULL, '', 0.00, 10, 1, 1, 1623555281, 1623555281, '111.199.102.241', 0, '111.199.102.241', 1623555281, 1623555281, 1623555281, '', 'normal', '', 0, 0, 0, '', 0, 0, NULL, NULL, NULL, NULL, '0', NULL, NULL, 0, 0, NULL, NULL, NULL, 0, '433742', 10, NULL, 'http://peisen.nyjianzhan.com/uploads/mobileimg/homepage_image.png', 0.00, NULL, 0.00, 'ff9a1af76d0824f307c3c694cef275fd', NULL, 1, 1, 1, 1, 1);
INSERT INTO `fa_user` VALUES (703, 0, '15174492061', '15174492061', '304b2df9b3261eead14f667e507222f2', 'RqhMoT', '', '15174492061', 'http://peisen.nyjianzhan.com/uploads/mobileimg/avatar_mobile.png', 0, 0, NULL, '', 0.00, 10, 1, 1, 1623633227, 1623633227, '36.148.122.100', 0, '36.148.122.100', 1623633227, 1623633227, 1623633227, '', 'normal', '', 0, 0, 0, '', 0, 0, NULL, NULL, NULL, NULL, '0', NULL, NULL, 0, 0, NULL, NULL, NULL, 0, '', 10, NULL, 'http://peisen.nyjianzhan.com/uploads/mobileimg/homepage_image.png', 0.00, NULL, 0.00, 'bbc35e08825419f339edad2c712135a7', NULL, 1, 1, 1, 1, 1);
INSERT INTO `fa_user` VALUES (704, 0, 'u704', '吕vv', '2966ed88ac5f66e1ceb6f569113a4d4f', 'OF9cbe', 'u704@peisen.nyjianzhan.com', '', 'https://thirdwx.qlogo.cn/mmopen/vi_32/rNzHPoM0tY46mBsPIO1g1XvS59v2oyjUvpDY4wAeUJyv9horHTXRzIbyLmbSOlOq5PAGLs9L9CDvITAia0iboUCA/132', 0, 0, NULL, '', 0.00, 10, 1, 1, 1623633906, 1623633906, '157.122.216.15', 0, '157.122.216.15', 1623633906, 1623633906, 1623633906, '', 'normal', '', 0, 0, 0, '', 0, 0, NULL, NULL, NULL, NULL, '0', NULL, NULL, 0, 0, NULL, NULL, NULL, 0, '818622', 10, NULL, 'http://peisen.nyjianzhan.com/uploads/mobileimg/homepage_image.png', 0.00, NULL, 0.00, '04f257c20e8ca545c91026ebf09728c9', NULL, 1, 1, 1, 1, 1);
INSERT INTO `fa_user` VALUES (705, 0, 'u705', '雯雯', 'dbbe4a62ad1c2c11265b5d5c29fc0d3e', 'lJZhba', 'u705@peisen.nyjianzhan.com', '', 'https://thirdwx.qlogo.cn/mmopen/vi_32/PiajxSqBRaEJbwZdzE2KHDltS13hskfW3GXMBkia7IEgkAiaXnjjic0EPU78xbYOkhhibvwX6Qpp0nggEF6kiaiaPiajtQ/132', 0, 0, NULL, '', 0.00, 10, 1, 1, 1623751104, 1623751104, '111.199.102.226', 0, '111.199.102.226', 1623751104, 1623751104, 1623751104, '', 'normal', '', 0, 0, 0, '', 0, 0, NULL, NULL, NULL, NULL, '0', NULL, NULL, 0, 0, NULL, NULL, NULL, 0, '316885', 10, NULL, 'http://peisen.nyjianzhan.com/uploads/mobileimg/homepage_image.png', 0.00, NULL, 0.00, '7e8068ff175f4d7e336e909545234338', NULL, 1, 1, 1, 1, 1);
INSERT INTO `fa_user` VALUES (706, 0, 'u706', '虾仁猪心', '535afbfbd5b4dd41576ad0bccbbbd849', 'IUFfnt', 'u706@peisen.nyjianzhan.com', '', 'https://thirdwx.qlogo.cn/mmopen/vi_32/icrKxiaGSDZk3CnO9ZXSmiao0AvgmTYib3soozEd2ic2z5vw3rDV28DmMFbkKNdvAMXu7RIAh4zvOEgO57tEwUxougw/132', 0, 0, NULL, '', 0.00, 37, 1, 1, 1623835315, 1623835315, '59.36.12.15', 0, '59.36.12.15', 1623835314, 1623835314, 1623835315, '', 'normal', '', 0, 0, 0, '', 0, 0, NULL, NULL, NULL, NULL, '0', NULL, NULL, 0, 0, NULL, NULL, NULL, 0, '938402', 37, NULL, 'http://peisen.nyjianzhan.com/uploads/mobileimg/homepage_image.png', 0.00, NULL, 0.00, 'null ', NULL, 1, 1, 1, 1, 1);
INSERT INTO `fa_user` VALUES (707, 0, 'u707', '刘鹤Harvey挺忙的', '166b3d1aecc304dede6df7bd87dc87c9', 'gZaS4C', 'u707@peisen.nyjianzhan.com', '', 'https://thirdwx.qlogo.cn/mmopen/vi_32/DYAIOgq83eqMiaIuXLFmXvZIpTaFDF6waYlicuw1iaIvHrdltxIkdhZgdusSq0wEshnkeeOFKzZGdT6IK0IAiavctg/132', 0, 0, NULL, '', 0.00, 10, 1, 1, 1624066250, 1624066250, '111.199.102.226', 0, '111.199.102.226', 1624066250, 1624066250, 1624066250, '', 'normal', '', 0, 0, 0, '', 0, 0, NULL, NULL, NULL, NULL, '0', NULL, NULL, 0, 0, NULL, NULL, NULL, 0, '138852', 10, NULL, 'http://peisen.nyjianzhan.com/uploads/mobileimg/homepage_image.png', 0.00, NULL, 0.00, '35f8caf1b4a2bb7ff91cdfc2c218283f', NULL, 1, 1, 1, 1, 1);
INSERT INTO `fa_user` VALUES (708, 0, 'u708', '', '0f7a62cdb99ca72a93843e0f6b2493a9', 'nemMGX', 'u708@peisen.nyjianzhan.com', '', 'https://thirdwx.qlogo.cn/mmopen/vi_32/PiajxSqBRaEIHNCZ5g9sskICUuU1Aclr2mMFo54zsX9n33eL68HdlanER7I1iawR2RC2Gs4t2pj3XZdo8yYpOPNA/132', 0, 0, NULL, '', 0.00, 10, 1, 1, 1624067418, 1624067418, '125.34.1.171', 0, '125.34.1.171', 1624067418, 1624067418, 1624067418, '', 'normal', '', 0, 0, 0, '', 0, 0, NULL, NULL, NULL, NULL, '0', NULL, NULL, 0, 0, NULL, NULL, NULL, 0, '542846', 10, NULL, 'http://peisen.nyjianzhan.com/uploads/mobileimg/homepage_image.png', 0.00, NULL, 0.00, 'null ', NULL, 1, 1, 1, 1, 1);
INSERT INTO `fa_user` VALUES (709, 0, 'u709', 'yay', '71114a7dc66f8b1811380b81eb51479e', 'i1Wg43', 'u709@peisen.nyjianzhan.com', '', 'https://thirdwx.qlogo.cn/mmopen/vi_32/YBdQKVRC5rxic5VRaIRGf7f8582sxg49duxPrX5N1qOWoHryceJfX31gNphXAEqJaLvDxOHbAaMLuluUicfBzBEA/132', 0, 0, NULL, '', 0.00, 10, 1, 1, 1624233954, 1624233954, '111.192.245.94', 0, '111.192.245.94', 1624233954, 1624233954, 1624233954, '', 'normal', '', 0, 0, 0, '', 0, 0, NULL, NULL, NULL, NULL, '0', NULL, NULL, 0, 0, NULL, NULL, NULL, 0, '240354', 10, NULL, 'http://peisen.nyjianzhan.com/uploads/mobileimg/homepage_image.png', 0.00, NULL, 0.00, '90a5f318d6ccebee322d324b70e15ff8', NULL, 1, 1, 1, 1, 1);
INSERT INTO `fa_user` VALUES (999, 0, '999', 'Davis 999', '19738b33298f953e58b82a727b797cfe', 'lBi5eQ', 'u413@peisen.nyjianzhan.com', '', 'https://thirdwx.qlogo.cn/mmopen/vi_32/Q0j4TwGTfTLc3PoqaNe4QQRhIoYYvc7x8noxnsSKsnBjr0qznUFDKawGkHicCRiaynvJ40ribZGrqfAYmrGAuibxJQ/132', 0, 0, NULL, '', 0.00, 10, 1, 1, 1610952180, 1610952180, '116.234.214.211', 0, '116.234.214.211', 1610952180, 1610952180, 1610952180, '', 'normal', '', 0, 0, 0, '', 0, 0, NULL, NULL, NULL, NULL, '0', NULL, NULL, 0, 0, NULL, NULL, NULL, 5, '531640', 10, NULL, 'http://peisen.nyjianzhan.com/uploads/mobileimg/homepage_image.png', 0.00, NULL, 0.00, NULL, NULL, 1, 1, 1, 1, 1);

-- ----------------------------
-- Table structure for gen_table
-- ----------------------------
DROP TABLE IF EXISTS `gen_table`;
CREATE TABLE `gen_table`  (
  `table_id` bigint(20) NOT NULL AUTO_INCREMENT COMMENT '编号',
  `table_name` varchar(200) CHARACTER SET utf8 COLLATE utf8_general_ci DEFAULT '' COMMENT '表名称',
  `table_comment` varchar(500) CHARACTER SET utf8 COLLATE utf8_general_ci DEFAULT '' COMMENT '表描述',
  `sub_table_name` varchar(64) CHARACTER SET utf8 COLLATE utf8_general_ci DEFAULT NULL COMMENT '关联子表的表名',
  `sub_table_fk_name` varchar(64) CHARACTER SET utf8 COLLATE utf8_general_ci DEFAULT NULL COMMENT '子表关联的外键名',
  `class_name` varchar(100) CHARACTER SET utf8 COLLATE utf8_general_ci DEFAULT '' COMMENT '实体类名称',
  `tpl_category` varchar(200) CHARACTER SET utf8 COLLATE utf8_general_ci DEFAULT 'crud' COMMENT '使用的模板（crud单表操作 tree树表操作）',
  `package_name` varchar(100) CHARACTER SET utf8 COLLATE utf8_general_ci DEFAULT NULL COMMENT '生成包路径',
  `module_name` varchar(30) CHARACTER SET utf8 COLLATE utf8_general_ci DEFAULT NULL COMMENT '生成模块名',
  `business_name` varchar(30) CHARACTER SET utf8 COLLATE utf8_general_ci DEFAULT NULL COMMENT '生成业务名',
  `function_name` varchar(50) CHARACTER SET utf8 COLLATE utf8_general_ci DEFAULT NULL COMMENT '生成功能名',
  `function_author` varchar(50) CHARACTER SET utf8 COLLATE utf8_general_ci DEFAULT NULL COMMENT '生成功能作者',
  `gen_type` char(1) CHARACTER SET utf8 COLLATE utf8_general_ci DEFAULT '0' COMMENT '生成代码方式（0zip压缩包 1自定义路径）',
  `gen_path` varchar(200) CHARACTER SET utf8 COLLATE utf8_general_ci DEFAULT '/' COMMENT '生成路径（不填默认项目路径）',
  `options` varchar(1000) CHARACTER SET utf8 COLLATE utf8_general_ci DEFAULT NULL COMMENT '其它生成选项',
  `create_by` varchar(64) CHARACTER SET utf8 COLLATE utf8_general_ci DEFAULT '' COMMENT '创建者',
  `create_time` datetime(0) DEFAULT NULL COMMENT '创建时间',
  `update_by` varchar(64) CHARACTER SET utf8 COLLATE utf8_general_ci DEFAULT '' COMMENT '更新者',
  `update_time` datetime(0) DEFAULT NULL COMMENT '更新时间',
  `remark` varchar(500) CHARACTER SET utf8 COLLATE utf8_general_ci DEFAULT NULL COMMENT '备注',
  PRIMARY KEY (`table_id`) USING BTREE
) ENGINE = InnoDB AUTO_INCREMENT = 2 CHARACTER SET = utf8 COLLATE = utf8_general_ci COMMENT = '代码生成业务表' ROW_FORMAT = Dynamic;

-- ----------------------------
-- Records of gen_table
-- ----------------------------
INSERT INTO `gen_table` VALUES (1, 'fa_user', '会员表', NULL, NULL, 'FaUser', 'crud', 'com.ruoyi.system', 'member', 'manage', '会员管理111', 'ruoyi', '0', '/', '{\"parentMenuId\":\"2000\"}', 'admin', '2021-07-05 14:12:23', '', '2021-07-05 14:17:21', NULL);

-- ----------------------------
-- Table structure for gen_table_column
-- ----------------------------
DROP TABLE IF EXISTS `gen_table_column`;
CREATE TABLE `gen_table_column`  (
  `column_id` bigint(20) NOT NULL AUTO_INCREMENT COMMENT '编号',
  `table_id` varchar(64) CHARACTER SET utf8 COLLATE utf8_general_ci DEFAULT NULL COMMENT '归属表编号',
  `column_name` varchar(200) CHARACTER SET utf8 COLLATE utf8_general_ci DEFAULT NULL COMMENT '列名称',
  `column_comment` varchar(500) CHARACTER SET utf8 COLLATE utf8_general_ci DEFAULT NULL COMMENT '列描述',
  `column_type` varchar(100) CHARACTER SET utf8 COLLATE utf8_general_ci DEFAULT NULL COMMENT '列类型',
  `java_type` varchar(500) CHARACTER SET utf8 COLLATE utf8_general_ci DEFAULT NULL COMMENT 'JAVA类型',
  `java_field` varchar(200) CHARACTER SET utf8 COLLATE utf8_general_ci DEFAULT NULL COMMENT 'JAVA字段名',
  `is_pk` char(1) CHARACTER SET utf8 COLLATE utf8_general_ci DEFAULT NULL COMMENT '是否主键（1是）',
  `is_increment` char(1) CHARACTER SET utf8 COLLATE utf8_general_ci DEFAULT NULL COMMENT '是否自增（1是）',
  `is_required` char(1) CHARACTER SET utf8 COLLATE utf8_general_ci DEFAULT NULL COMMENT '是否必填（1是）',
  `is_insert` char(1) CHARACTER SET utf8 COLLATE utf8_general_ci DEFAULT NULL COMMENT '是否为插入字段（1是）',
  `is_edit` char(1) CHARACTER SET utf8 COLLATE utf8_general_ci DEFAULT NULL COMMENT '是否编辑字段（1是）',
  `is_list` char(1) CHARACTER SET utf8 COLLATE utf8_general_ci DEFAULT NULL COMMENT '是否列表字段（1是）',
  `is_query` char(1) CHARACTER SET utf8 COLLATE utf8_general_ci DEFAULT NULL COMMENT '是否查询字段（1是）',
  `query_type` varchar(200) CHARACTER SET utf8 COLLATE utf8_general_ci DEFAULT 'EQ' COMMENT '查询方式（等于、不等于、大于、小于、范围）',
  `html_type` varchar(200) CHARACTER SET utf8 COLLATE utf8_general_ci DEFAULT NULL COMMENT '显示类型（文本框、文本域、下拉框、复选框、单选框、日期控件）',
  `dict_type` varchar(200) CHARACTER SET utf8 COLLATE utf8_general_ci DEFAULT '' COMMENT '字典类型',
  `sort` int(11) DEFAULT NULL COMMENT '排序',
  `create_by` varchar(64) CHARACTER SET utf8 COLLATE utf8_general_ci DEFAULT '' COMMENT '创建者',
  `create_time` datetime(0) DEFAULT NULL COMMENT '创建时间',
  `update_by` varchar(64) CHARACTER SET utf8 COLLATE utf8_general_ci DEFAULT '' COMMENT '更新者',
  `update_time` datetime(0) DEFAULT NULL COMMENT '更新时间',
  PRIMARY KEY (`column_id`) USING BTREE
) ENGINE = InnoDB AUTO_INCREMENT = 62 CHARACTER SET = utf8 COLLATE = utf8_general_ci COMMENT = '代码生成业务表字段' ROW_FORMAT = Dynamic;

-- ----------------------------
-- Records of gen_table_column
-- ----------------------------
INSERT INTO `gen_table_column` VALUES (1, '1', 'id', 'ID', 'int(10) unsigned', 'Integer', 'id', '1', '1', NULL, '1', NULL, NULL, NULL, 'EQ', 'input', '', 1, 'admin', '2021-07-05 14:12:23', '', '2021-07-05 14:17:21');
INSERT INTO `gen_table_column` VALUES (2, '1', 'group_id', '组别ID', 'int(10) unsigned', 'Integer', 'groupId', '0', '0', '1', '1', '1', '1', '1', 'EQ', 'input', '', 2, 'admin', '2021-07-05 14:12:23', '', '2021-07-05 14:17:21');
INSERT INTO `gen_table_column` VALUES (3, '1', 'username', '用户名', 'varchar(32)', 'String', 'username', '0', '0', '1', '1', '1', '1', '1', 'LIKE', 'input', '', 3, 'admin', '2021-07-05 14:12:23', '', '2021-07-05 14:17:21');
INSERT INTO `gen_table_column` VALUES (4, '1', 'nickname', '昵称', 'varchar(255)', 'String', 'nickname', '0', '0', '1', '1', '1', '1', '1', 'LIKE', 'input', '', 4, 'admin', '2021-07-05 14:12:23', '', '2021-07-05 14:17:21');
INSERT INTO `gen_table_column` VALUES (5, '1', 'password', '密码', 'varchar(32)', 'String', 'password', '0', '0', '1', '1', '1', '1', '1', 'EQ', 'input', '', 5, 'admin', '2021-07-05 14:12:23', '', '2021-07-05 14:17:21');
INSERT INTO `gen_table_column` VALUES (6, '1', 'salt', '密码盐', 'varchar(30)', 'String', 'salt', '0', '0', '1', '1', '1', '1', '1', 'EQ', 'input', '', 6, 'admin', '2021-07-05 14:12:23', '', '2021-07-05 14:17:21');
INSERT INTO `gen_table_column` VALUES (7, '1', 'email', '电子邮箱', 'varchar(100)', 'String', 'email', '0', '0', '1', '1', '1', '1', '1', 'EQ', 'input', '', 7, 'admin', '2021-07-05 14:12:23', '', '2021-07-05 14:17:21');
INSERT INTO `gen_table_column` VALUES (8, '1', 'mobile', '手机号', 'varchar(11)', 'String', 'mobile', '0', '0', '1', '1', '1', '1', '1', 'EQ', 'input', '', 8, 'admin', '2021-07-05 14:12:23', '', '2021-07-05 14:17:21');
INSERT INTO `gen_table_column` VALUES (9, '1', 'avatar', '头像', 'varchar(255)', 'String', 'avatar', '0', '0', '1', '1', '1', '1', '1', 'EQ', 'input', '', 9, 'admin', '2021-07-05 14:12:23', '', '2021-07-05 14:17:21');
INSERT INTO `gen_table_column` VALUES (10, '1', 'level', '等级', 'tinyint(3) unsigned', 'Integer', 'level', '0', '0', '1', '1', '1', '1', '1', 'EQ', 'input', '', 10, 'admin', '2021-07-05 14:12:23', '', '2021-07-05 14:17:21');
INSERT INTO `gen_table_column` VALUES (11, '1', 'gender', '性别', 'tinyint(3) unsigned', 'Integer', 'gender', '0', '0', '1', '1', '1', '1', '1', 'EQ', 'input', '', 11, 'admin', '2021-07-05 14:12:23', '', '2021-07-05 14:17:21');
INSERT INTO `gen_table_column` VALUES (12, '1', 'birthday', '生日', 'date', 'Date', 'birthday', '0', '0', NULL, '1', '1', '1', '1', 'EQ', 'datetime', '', 12, 'admin', '2021-07-05 14:12:23', '', '2021-07-05 14:17:21');
INSERT INTO `gen_table_column` VALUES (13, '1', 'bio', '格言', 'varchar(100)', 'String', 'bio', '0', '0', '1', '1', '1', '1', '1', 'EQ', 'input', '', 13, 'admin', '2021-07-05 14:12:23', '', '2021-07-05 14:17:21');
INSERT INTO `gen_table_column` VALUES (14, '1', 'money', '余额', 'decimal(10,2)', 'BigDecimal', 'money', '0', '0', '1', '1', '1', '1', '1', 'EQ', 'input', '', 14, 'admin', '2021-07-05 14:12:23', '', '2021-07-05 14:17:21');
INSERT INTO `gen_table_column` VALUES (15, '1', 'score', '积分', 'int(10) unsigned', 'Integer', 'score', '0', '0', '1', '1', '1', '1', '1', 'EQ', 'input', '', 15, 'admin', '2021-07-05 14:12:23', '', '2021-07-05 14:17:21');
INSERT INTO `gen_table_column` VALUES (16, '1', 'successions', '连续登录天数', 'int(10) unsigned', 'Integer', 'successions', '0', '0', '1', '1', '1', '1', '1', 'EQ', 'input', '', 16, 'admin', '2021-07-05 14:12:23', '', '2021-07-05 14:17:21');
INSERT INTO `gen_table_column` VALUES (17, '1', 'maxsuccessions', '最大连续登录天数', 'int(10) unsigned', 'Integer', 'maxsuccessions', '0', '0', '1', '1', '1', '1', '1', 'EQ', 'input', '', 17, 'admin', '2021-07-05 14:12:23', '', '2021-07-05 14:17:21');
INSERT INTO `gen_table_column` VALUES (18, '1', 'prevtime', '上次登录时间', 'int(11)', 'Long', 'prevtime', '0', '0', NULL, '1', '1', '1', '1', 'EQ', 'input', '', 18, 'admin', '2021-07-05 14:12:23', '', '2021-07-05 14:17:21');
INSERT INTO `gen_table_column` VALUES (19, '1', 'logintime', '登录时间', 'int(11)', 'Long', 'logintime', '0', '0', NULL, '1', '1', '1', '1', 'EQ', 'input', '', 19, 'admin', '2021-07-05 14:12:23', '', '2021-07-05 14:17:21');
INSERT INTO `gen_table_column` VALUES (20, '1', 'loginip', '登录IP', 'varchar(50)', 'String', 'loginip', '0', '0', '1', '1', '1', '1', '1', 'EQ', 'input', '', 20, 'admin', '2021-07-05 14:12:23', '', '2021-07-05 14:17:21');
INSERT INTO `gen_table_column` VALUES (21, '1', 'loginfailure', '失败次数', 'tinyint(3) unsigned', 'Integer', 'loginfailure', '0', '0', '1', '1', '1', '1', '1', 'EQ', 'input', '', 21, 'admin', '2021-07-05 14:12:23', '', '2021-07-05 14:17:21');
INSERT INTO `gen_table_column` VALUES (22, '1', 'joinip', '加入IP', 'varchar(50)', 'String', 'joinip', '0', '0', '1', '1', '1', '1', '1', 'EQ', 'input', '', 22, 'admin', '2021-07-05 14:12:23', '', '2021-07-05 14:17:21');
INSERT INTO `gen_table_column` VALUES (23, '1', 'jointime', '加入时间', 'int(11)', 'Long', 'jointime', '0', '0', NULL, '1', '1', '1', '1', 'EQ', 'input', '', 23, 'admin', '2021-07-05 14:12:23', '', '2021-07-05 14:17:21');
INSERT INTO `gen_table_column` VALUES (24, '1', 'createtime', '创建时间', 'int(11)', 'Long', 'createtime', '0', '0', NULL, '1', '1', '1', '1', 'EQ', 'input', '', 24, 'admin', '2021-07-05 14:12:23', '', '2021-07-05 14:17:21');
INSERT INTO `gen_table_column` VALUES (25, '1', 'updatetime', '更新时间', 'int(11)', 'Long', 'updatetime', '0', '0', NULL, '1', '1', '1', '1', 'EQ', 'input', '', 25, 'admin', '2021-07-05 14:12:23', '', '2021-07-05 14:17:21');
INSERT INTO `gen_table_column` VALUES (26, '1', 'token', 'Token', 'varchar(100)', 'String', 'token', '0', '0', '1', '1', '1', '1', '1', 'EQ', 'input', '', 26, 'admin', '2021-07-05 14:12:23', '', '2021-07-05 14:17:21');
INSERT INTO `gen_table_column` VALUES (27, '1', 'status', '状态', 'varchar(30)', 'String', 'status', '0', '0', '1', '1', '1', '1', '1', 'EQ', 'radio', '', 27, 'admin', '2021-07-05 14:12:23', '', '2021-07-05 14:17:21');
INSERT INTO `gen_table_column` VALUES (28, '1', 'verification', '验证', 'varchar(255)', 'String', 'verification', '0', '0', '1', '1', '1', '1', '1', 'EQ', 'input', '', 28, 'admin', '2021-07-05 14:12:23', '', '2021-07-05 14:17:21');
INSERT INTO `gen_table_column` VALUES (29, '1', 'pid1', '一级推荐人', 'int(11)', 'Long', 'pid1', '0', '0', '1', '1', '1', '1', '1', 'EQ', 'input', '', 29, 'admin', '2021-07-05 14:12:23', '', '2021-07-05 14:17:21');
INSERT INTO `gen_table_column` VALUES (30, '1', 'pid2', '二级推荐人', 'int(11)', 'Long', 'pid2', '0', '0', '1', '1', '1', '1', '1', 'EQ', 'input', '', 30, 'admin', '2021-07-05 14:12:23', '', '2021-07-05 14:17:21');
INSERT INTO `gen_table_column` VALUES (31, '1', 'pid3', '三级推荐人', 'int(11)', 'Long', 'pid3', '0', '0', '1', '1', '1', '1', '1', 'EQ', 'input', '', 31, 'admin', '2021-07-05 14:12:23', '', '2021-07-05 14:17:21');
INSERT INTO `gen_table_column` VALUES (32, '1', 'path', '推荐路径', 'varchar(255)', 'String', 'path', '0', '0', '1', '1', '1', '1', '1', 'EQ', 'input', '', 32, 'admin', '2021-07-05 14:12:23', '', '2021-07-05 14:17:21');
INSERT INTO `gen_table_column` VALUES (33, '1', 'manystore_pid', '归属店铺', 'int(11)', 'Long', 'manystorePid', '0', '0', '1', '1', '1', '1', '1', 'EQ', 'input', '', 33, 'admin', '2021-07-05 14:12:23', '', '2021-07-05 14:17:21');
INSERT INTO `gen_table_column` VALUES (34, '1', 'user_type', '是否店员', 'tinyint(4)', 'Integer', 'userType', '0', '0', '1', '1', '1', '1', '1', 'EQ', 'select', '', 34, 'admin', '2021-07-05 14:12:23', '', '2021-07-05 14:17:21');
INSERT INTO `gen_table_column` VALUES (35, '1', 'accountholder', '支付方式', 'varchar(100)', 'String', 'accountholder', '0', '0', NULL, '1', '1', '1', '1', 'EQ', 'input', '', 35, 'admin', '2021-07-05 14:12:23', '', '2021-07-05 14:17:21');
INSERT INTO `gen_table_column` VALUES (36, '1', 'bankname', '姓名', 'varchar(100)', 'String', 'bankname', '0', '0', NULL, '1', '1', '1', '1', 'LIKE', 'input', '', 36, 'admin', '2021-07-05 14:12:23', '', '2021-07-05 14:17:21');
INSERT INTO `gen_table_column` VALUES (37, '1', 'bankcard', '账号', 'varchar(100)', 'String', 'bankcard', '0', '0', NULL, '1', '1', '1', '1', 'EQ', 'input', '', 37, 'admin', '2021-07-05 14:12:23', '', '2021-07-05 14:17:21');
INSERT INTO `gen_table_column` VALUES (38, '1', 'nicheng', '宠宝昵称', 'varchar(100)', 'String', 'nicheng', '0', '0', NULL, '1', '1', '1', '1', 'EQ', 'input', '', 38, 'admin', '2021-07-05 14:12:23', '', '2021-07-05 14:17:21');
INSERT INTO `gen_table_column` VALUES (39, '1', 'is_jueyu', '是否绝育:0=否,1=是', 'enum(\'0\',\'1\')', 'String', 'isJueyu', '0', '0', '1', '1', '1', '1', '1', 'EQ', NULL, '', 39, 'admin', '2021-07-05 14:12:23', '', '2021-07-05 14:17:21');
INSERT INTO `gen_table_column` VALUES (40, '1', 'pingzhong', '宠物品种', 'varchar(100)', 'String', 'pingzhong', '0', '0', NULL, '1', '1', '1', '1', 'EQ', 'input', '', 40, 'admin', '2021-07-05 14:12:23', '', '2021-07-05 14:17:21');
INSERT INTO `gen_table_column` VALUES (41, '1', 'bingshi', '病史', 'varchar(255)', 'String', 'bingshi', '0', '0', NULL, '1', '1', '1', '1', 'EQ', 'input', '', 41, 'admin', '2021-07-05 14:12:23', '', '2021-07-05 14:17:21');
INSERT INTO `gen_table_column` VALUES (42, '1', 'age', '年龄', 'int(11)', 'Long', 'age', '0', '0', '1', '1', '1', '1', '1', 'EQ', 'input', '', 42, 'admin', '2021-07-05 14:12:23', '', '2021-07-05 14:17:21');
INSERT INTO `gen_table_column` VALUES (43, '1', 'leijiday', '累计签到天数', 'int(11)', 'Long', 'leijiday', '0', '0', '1', '1', '1', '1', '1', 'EQ', 'input', '', 43, 'admin', '2021-07-05 14:12:23', '', '2021-07-05 14:17:21');
INSERT INTO `gen_table_column` VALUES (44, '1', 'wx_openid', '应用唯一标识', 'varchar(50)', 'String', 'wxOpenid', '0', '0', NULL, '1', '1', '1', '1', 'EQ', 'input', '', 44, 'admin', '2021-07-05 14:12:23', '', '2021-07-05 14:17:21');
INSERT INTO `gen_table_column` VALUES (45, '1', 'apple_openid', '苹果唯一id', 'varchar(200)', 'String', 'appleOpenid', '0', '0', NULL, '1', '1', '1', '1', 'EQ', 'input', '', 45, 'admin', '2021-07-05 14:12:23', '', '2021-07-05 14:17:21');
INSERT INTO `gen_table_column` VALUES (46, '1', 'tuiguangimg', '推广二维码', 'varchar(255)', 'String', 'tuiguangimg', '0', '0', NULL, '1', '1', '1', '1', 'EQ', 'input', '', 46, 'admin', '2021-07-05 14:12:23', '', '2021-07-05 14:17:21');
INSERT INTO `gen_table_column` VALUES (47, '1', 'fangkecount', '访客量', 'int(11)', 'Long', 'fangkecount', '0', '0', '1', '1', '1', '1', '1', 'EQ', 'input', '', 47, 'admin', '2021-07-05 14:12:23', '', '2021-07-05 14:17:21');
INSERT INTO `gen_table_column` VALUES (48, '1', 'inviter_code', '推荐码', 'varchar(30)', 'String', 'inviterCode', '0', '0', '1', '1', '1', '1', '1', 'EQ', 'input', '', 48, 'admin', '2021-07-05 14:12:23', '', '2021-07-05 14:17:21');
INSERT INTO `gen_table_column` VALUES (49, '1', 'sumscore', '总积分', 'int(11)', 'Long', 'sumscore', '0', '0', '1', '1', '1', '1', '1', 'EQ', 'input', '', 49, 'admin', '2021-07-05 14:12:23', '', '2021-07-05 14:17:21');
INSERT INTO `gen_table_column` VALUES (50, '1', 'last_rechargetime', '最后充值时间', 'int(11)', 'Long', 'lastRechargetime', '0', '0', NULL, '1', '1', '1', '1', 'EQ', 'input', '', 50, 'admin', '2021-07-05 14:12:23', '', '2021-07-05 14:17:21');
INSERT INTO `gen_table_column` VALUES (51, '1', 'homepage_image', '主页背景图片', 'varchar(255)', 'String', 'homepageImage', '0', '0', NULL, '1', '1', '1', '1', 'EQ', 'imageUpload', '', 51, 'admin', '2021-07-05 14:12:23', '', '2021-07-05 14:17:21');
INSERT INTO `gen_table_column` VALUES (52, '1', 'cardmoney', '储值卡', 'decimal(10,2)', 'BigDecimal', 'cardmoney', '0', '0', '1', '1', '1', '1', '1', 'EQ', 'input', '', 52, 'admin', '2021-07-05 14:12:23', '', '2021-07-05 14:17:21');
INSERT INTO `gen_table_column` VALUES (53, '1', 'real_name', '真实姓名', 'varchar(50)', 'String', 'realName', '0', '0', NULL, '1', '1', '1', '1', 'LIKE', 'input', '', 53, 'admin', '2021-07-05 14:12:23', '', '2021-07-05 14:17:21');
INSERT INTO `gen_table_column` VALUES (54, '1', 'freeze_cardmoney', '冻结储值卡金额', 'decimal(10,2)', 'BigDecimal', 'freezeCardmoney', '0', '0', '1', '1', '1', '1', '1', 'EQ', 'input', '', 54, 'admin', '2021-07-05 14:12:23', '', '2021-07-05 14:17:21');
INSERT INTO `gen_table_column` VALUES (55, '1', 'clientid', '个推唯一cid', 'varchar(200)', 'String', 'clientid', '0', '0', NULL, '1', '1', '1', '1', 'EQ', 'input', '', 55, 'admin', '2021-07-05 14:12:23', '', '2021-07-05 14:17:21');
INSERT INTO `gen_table_column` VALUES (56, '1', 'app_type', '登陆手机类型android ios', 'varchar(255)', 'String', 'appType', '0', '0', NULL, '1', '1', '1', '1', 'EQ', 'select', '', 56, 'admin', '2021-07-05 14:12:23', '', '2021-07-05 14:17:21');
INSERT INTO `gen_table_column` VALUES (57, '1', 'push_zan', '0关闭1开启点赞推送', 'int(11)', 'Long', 'pushZan', '0', '0', NULL, '1', '1', '1', '1', 'EQ', 'input', '', 57, 'admin', '2021-07-05 14:12:23', '', '2021-07-05 14:17:21');
INSERT INTO `gen_table_column` VALUES (58, '1', 'push_ping', '0关闭1开启评论推送', 'int(11)', 'Long', 'pushPing', '0', '0', NULL, '1', '1', '1', '1', 'EQ', 'input', '', 58, 'admin', '2021-07-05 14:12:23', '', '2021-07-05 14:17:21');
INSERT INTO `gen_table_column` VALUES (59, '1', 'push_guan', '0关闭1开启关注推送', 'int(11)', 'Long', 'pushGuan', '0', '0', NULL, '1', '1', '1', '1', 'EQ', 'input', '', 59, 'admin', '2021-07-05 14:12:23', '', '2021-07-05 14:17:21');
INSERT INTO `gen_table_column` VALUES (60, '1', 'push_shou', '0关闭1开启收藏推送', 'int(11)', 'Long', 'pushShou', '0', '0', NULL, '1', '1', '1', '1', 'EQ', 'input', '', 60, 'admin', '2021-07-05 14:12:23', '', '2021-07-05 14:17:21');
INSERT INTO `gen_table_column` VALUES (61, '1', 'push_qian', '0关闭1开启签到推送', 'int(11)', 'Long', 'pushQian', '0', '0', NULL, '1', '1', '1', '1', 'EQ', 'input', '', 61, 'admin', '2021-07-05 14:12:23', '', '2021-07-05 14:17:21');

-- ----------------------------
-- Table structure for qrtz_blob_triggers
-- ----------------------------
DROP TABLE IF EXISTS `qrtz_blob_triggers`;
CREATE TABLE `qrtz_blob_triggers`  (
  `sched_name` varchar(120) CHARACTER SET utf8 COLLATE utf8_general_ci NOT NULL,
  `trigger_name` varchar(200) CHARACTER SET utf8 COLLATE utf8_general_ci NOT NULL,
  `trigger_group` varchar(200) CHARACTER SET utf8 COLLATE utf8_general_ci NOT NULL,
  `blob_data` blob,
  PRIMARY KEY (`sched_name`, `trigger_name`, `trigger_group`) USING BTREE,
  CONSTRAINT `qrtz_blob_triggers_ibfk_1` FOREIGN KEY (`sched_name`, `trigger_name`, `trigger_group`) REFERENCES `qrtz_triggers` (`sched_name`, `trigger_name`, `trigger_group`) ON DELETE RESTRICT ON UPDATE RESTRICT
) ENGINE = InnoDB CHARACTER SET = utf8 COLLATE = utf8_general_ci ROW_FORMAT = Dynamic;

-- ----------------------------
-- Table structure for qrtz_calendars
-- ----------------------------
DROP TABLE IF EXISTS `qrtz_calendars`;
CREATE TABLE `qrtz_calendars`  (
  `sched_name` varchar(120) CHARACTER SET utf8 COLLATE utf8_general_ci NOT NULL,
  `calendar_name` varchar(200) CHARACTER SET utf8 COLLATE utf8_general_ci NOT NULL,
  `calendar` blob NOT NULL,
  PRIMARY KEY (`sched_name`, `calendar_name`) USING BTREE
) ENGINE = InnoDB CHARACTER SET = utf8 COLLATE = utf8_general_ci ROW_FORMAT = Dynamic;

-- ----------------------------
-- Table structure for qrtz_cron_triggers
-- ----------------------------
DROP TABLE IF EXISTS `qrtz_cron_triggers`;
CREATE TABLE `qrtz_cron_triggers`  (
  `sched_name` varchar(120) CHARACTER SET utf8 COLLATE utf8_general_ci NOT NULL,
  `trigger_name` varchar(200) CHARACTER SET utf8 COLLATE utf8_general_ci NOT NULL,
  `trigger_group` varchar(200) CHARACTER SET utf8 COLLATE utf8_general_ci NOT NULL,
  `cron_expression` varchar(200) CHARACTER SET utf8 COLLATE utf8_general_ci NOT NULL,
  `time_zone_id` varchar(80) CHARACTER SET utf8 COLLATE utf8_general_ci DEFAULT NULL,
  PRIMARY KEY (`sched_name`, `trigger_name`, `trigger_group`) USING BTREE,
  CONSTRAINT `qrtz_cron_triggers_ibfk_1` FOREIGN KEY (`sched_name`, `trigger_name`, `trigger_group`) REFERENCES `qrtz_triggers` (`sched_name`, `trigger_name`, `trigger_group`) ON DELETE RESTRICT ON UPDATE RESTRICT
) ENGINE = InnoDB CHARACTER SET = utf8 COLLATE = utf8_general_ci ROW_FORMAT = Dynamic;

-- ----------------------------
-- Records of qrtz_cron_triggers
-- ----------------------------
INSERT INTO `qrtz_cron_triggers` VALUES ('RuoyiScheduler', 'TASK_CLASS_NAME1', 'DEFAULT', '0/10 * * * * ?', 'Asia/Shanghai');
INSERT INTO `qrtz_cron_triggers` VALUES ('RuoyiScheduler', 'TASK_CLASS_NAME2', 'DEFAULT', '0/15 * * * * ?', 'Asia/Shanghai');
INSERT INTO `qrtz_cron_triggers` VALUES ('RuoyiScheduler', 'TASK_CLASS_NAME3', 'DEFAULT', '0/20 * * * * ?', 'Asia/Shanghai');

-- ----------------------------
-- Table structure for qrtz_fired_triggers
-- ----------------------------
DROP TABLE IF EXISTS `qrtz_fired_triggers`;
CREATE TABLE `qrtz_fired_triggers`  (
  `sched_name` varchar(120) CHARACTER SET utf8 COLLATE utf8_general_ci NOT NULL,
  `entry_id` varchar(95) CHARACTER SET utf8 COLLATE utf8_general_ci NOT NULL,
  `trigger_name` varchar(200) CHARACTER SET utf8 COLLATE utf8_general_ci NOT NULL,
  `trigger_group` varchar(200) CHARACTER SET utf8 COLLATE utf8_general_ci NOT NULL,
  `instance_name` varchar(200) CHARACTER SET utf8 COLLATE utf8_general_ci NOT NULL,
  `fired_time` bigint(13) NOT NULL,
  `sched_time` bigint(13) NOT NULL,
  `priority` int(11) NOT NULL,
  `state` varchar(16) CHARACTER SET utf8 COLLATE utf8_general_ci NOT NULL,
  `job_name` varchar(200) CHARACTER SET utf8 COLLATE utf8_general_ci DEFAULT NULL,
  `job_group` varchar(200) CHARACTER SET utf8 COLLATE utf8_general_ci DEFAULT NULL,
  `is_nonconcurrent` varchar(1) CHARACTER SET utf8 COLLATE utf8_general_ci DEFAULT NULL,
  `requests_recovery` varchar(1) CHARACTER SET utf8 COLLATE utf8_general_ci DEFAULT NULL,
  PRIMARY KEY (`sched_name`, `entry_id`) USING BTREE
) ENGINE = InnoDB CHARACTER SET = utf8 COLLATE = utf8_general_ci ROW_FORMAT = Dynamic;

-- ----------------------------
-- Table structure for qrtz_job_details
-- ----------------------------
DROP TABLE IF EXISTS `qrtz_job_details`;
CREATE TABLE `qrtz_job_details`  (
  `sched_name` varchar(120) CHARACTER SET utf8 COLLATE utf8_general_ci NOT NULL,
  `job_name` varchar(200) CHARACTER SET utf8 COLLATE utf8_general_ci NOT NULL,
  `job_group` varchar(200) CHARACTER SET utf8 COLLATE utf8_general_ci NOT NULL,
  `description` varchar(250) CHARACTER SET utf8 COLLATE utf8_general_ci DEFAULT NULL,
  `job_class_name` varchar(250) CHARACTER SET utf8 COLLATE utf8_general_ci NOT NULL,
  `is_durable` varchar(1) CHARACTER SET utf8 COLLATE utf8_general_ci NOT NULL,
  `is_nonconcurrent` varchar(1) CHARACTER SET utf8 COLLATE utf8_general_ci NOT NULL,
  `is_update_data` varchar(1) CHARACTER SET utf8 COLLATE utf8_general_ci NOT NULL,
  `requests_recovery` varchar(1) CHARACTER SET utf8 COLLATE utf8_general_ci NOT NULL,
  `job_data` blob,
  PRIMARY KEY (`sched_name`, `job_name`, `job_group`) USING BTREE
) ENGINE = InnoDB CHARACTER SET = utf8 COLLATE = utf8_general_ci ROW_FORMAT = Dynamic;

-- ----------------------------
-- Records of qrtz_job_details
-- ----------------------------
INSERT INTO `qrtz_job_details` VALUES ('RuoyiScheduler', 'TASK_CLASS_NAME1', 'DEFAULT', NULL, 'com.ruoyi.quartz.util.QuartzDisallowConcurrentExecution', '0', '1', '0', '0', 0xACED0005737200156F72672E71756172747A2E4A6F62446174614D61709FB083E8BFA9B0CB020000787200266F72672E71756172747A2E7574696C732E537472696E674B65794469727479466C61674D61708208E8C3FBC55D280200015A0013616C6C6F77735472616E7369656E74446174617872001D6F72672E71756172747A2E7574696C732E4469727479466C61674D617013E62EAD28760ACE0200025A000564697274794C00036D617074000F4C6A6176612F7574696C2F4D61703B787001737200116A6176612E7574696C2E486173684D61700507DAC1C31660D103000246000A6C6F6164466163746F724900097468726573686F6C6478703F4000000000000C7708000000100000000174000F5441534B5F50524F504552544945537372001E636F6D2E72756F79692E71756172747A2E646F6D61696E2E5379734A6F6200000000000000010200084C000A636F6E63757272656E747400124C6A6176612F6C616E672F537472696E673B4C000E63726F6E45787072657373696F6E71007E00094C000C696E766F6B6554617267657471007E00094C00086A6F6247726F757071007E00094C00056A6F6249647400104C6A6176612F6C616E672F4C6F6E673B4C00076A6F624E616D6571007E00094C000D6D697366697265506F6C69637971007E00094C000673746174757371007E000978720027636F6D2E72756F79692E636F6D6D6F6E2E636F72652E646F6D61696E2E42617365456E7469747900000000000000010200074C0008637265617465427971007E00094C000A63726561746554696D657400104C6A6176612F7574696C2F446174653B4C0006706172616D7371007E00034C000672656D61726B71007E00094C000B73656172636856616C756571007E00094C0008757064617465427971007E00094C000A75706461746554696D6571007E000C787074000561646D696E7372000E6A6176612E7574696C2E44617465686A81014B597419030000787077080000017A7485168878707400007070707400013174000E302F3130202A202A202A202A203F74001172795461736B2E72794E6F506172616D7374000744454641554C547372000E6A6176612E6C616E672E4C6F6E673B8BE490CC8F23DF0200014A000576616C7565787200106A6176612E6C616E672E4E756D62657286AC951D0B94E08B02000078700000000000000001740018E7B3BBE7BB9FE9BB98E8AEA4EFBC88E697A0E58F82EFBC8974000133740001317800);
INSERT INTO `qrtz_job_details` VALUES ('RuoyiScheduler', 'TASK_CLASS_NAME2', 'DEFAULT', NULL, 'com.ruoyi.quartz.util.QuartzDisallowConcurrentExecution', '0', '1', '0', '0', 0xACED0005737200156F72672E71756172747A2E4A6F62446174614D61709FB083E8BFA9B0CB020000787200266F72672E71756172747A2E7574696C732E537472696E674B65794469727479466C61674D61708208E8C3FBC55D280200015A0013616C6C6F77735472616E7369656E74446174617872001D6F72672E71756172747A2E7574696C732E4469727479466C61674D617013E62EAD28760ACE0200025A000564697274794C00036D617074000F4C6A6176612F7574696C2F4D61703B787001737200116A6176612E7574696C2E486173684D61700507DAC1C31660D103000246000A6C6F6164466163746F724900097468726573686F6C6478703F4000000000000C7708000000100000000174000F5441534B5F50524F504552544945537372001E636F6D2E72756F79692E71756172747A2E646F6D61696E2E5379734A6F6200000000000000010200084C000A636F6E63757272656E747400124C6A6176612F6C616E672F537472696E673B4C000E63726F6E45787072657373696F6E71007E00094C000C696E766F6B6554617267657471007E00094C00086A6F6247726F757071007E00094C00056A6F6249647400104C6A6176612F6C616E672F4C6F6E673B4C00076A6F624E616D6571007E00094C000D6D697366697265506F6C69637971007E00094C000673746174757371007E000978720027636F6D2E72756F79692E636F6D6D6F6E2E636F72652E646F6D61696E2E42617365456E7469747900000000000000010200074C0008637265617465427971007E00094C000A63726561746554696D657400104C6A6176612F7574696C2F446174653B4C0006706172616D7371007E00034C000672656D61726B71007E00094C000B73656172636856616C756571007E00094C0008757064617465427971007E00094C000A75706461746554696D6571007E000C787074000561646D696E7372000E6A6176612E7574696C2E44617465686A81014B597419030000787077080000017A7485168878707400007070707400013174000E302F3135202A202A202A202A203F74001572795461736B2E7279506172616D7328277279272974000744454641554C547372000E6A6176612E6C616E672E4C6F6E673B8BE490CC8F23DF0200014A000576616C7565787200106A6176612E6C616E672E4E756D62657286AC951D0B94E08B02000078700000000000000002740018E7B3BBE7BB9FE9BB98E8AEA4EFBC88E69C89E58F82EFBC8974000133740001317800);
INSERT INTO `qrtz_job_details` VALUES ('RuoyiScheduler', 'TASK_CLASS_NAME3', 'DEFAULT', NULL, 'com.ruoyi.quartz.util.QuartzDisallowConcurrentExecution', '0', '1', '0', '0', 0xACED0005737200156F72672E71756172747A2E4A6F62446174614D61709FB083E8BFA9B0CB020000787200266F72672E71756172747A2E7574696C732E537472696E674B65794469727479466C61674D61708208E8C3FBC55D280200015A0013616C6C6F77735472616E7369656E74446174617872001D6F72672E71756172747A2E7574696C732E4469727479466C61674D617013E62EAD28760ACE0200025A000564697274794C00036D617074000F4C6A6176612F7574696C2F4D61703B787001737200116A6176612E7574696C2E486173684D61700507DAC1C31660D103000246000A6C6F6164466163746F724900097468726573686F6C6478703F4000000000000C7708000000100000000174000F5441534B5F50524F504552544945537372001E636F6D2E72756F79692E71756172747A2E646F6D61696E2E5379734A6F6200000000000000010200084C000A636F6E63757272656E747400124C6A6176612F6C616E672F537472696E673B4C000E63726F6E45787072657373696F6E71007E00094C000C696E766F6B6554617267657471007E00094C00086A6F6247726F757071007E00094C00056A6F6249647400104C6A6176612F6C616E672F4C6F6E673B4C00076A6F624E616D6571007E00094C000D6D697366697265506F6C69637971007E00094C000673746174757371007E000978720027636F6D2E72756F79692E636F6D6D6F6E2E636F72652E646F6D61696E2E42617365456E7469747900000000000000010200074C0008637265617465427971007E00094C000A63726561746554696D657400104C6A6176612F7574696C2F446174653B4C0006706172616D7371007E00034C000672656D61726B71007E00094C000B73656172636856616C756571007E00094C0008757064617465427971007E00094C000A75706461746554696D6571007E000C787074000561646D696E7372000E6A6176612E7574696C2E44617465686A81014B597419030000787077080000017A7485168878707400007070707400013174000E302F3230202A202A202A202A203F74003872795461736B2E72794D756C7469706C65506172616D7328277279272C20747275652C20323030304C2C203331362E3530442C203130302974000744454641554C547372000E6A6176612E6C616E672E4C6F6E673B8BE490CC8F23DF0200014A000576616C7565787200106A6176612E6C616E672E4E756D62657286AC951D0B94E08B02000078700000000000000003740018E7B3BBE7BB9FE9BB98E8AEA4EFBC88E5A49AE58F82EFBC8974000133740001317800);

-- ----------------------------
-- Table structure for qrtz_locks
-- ----------------------------
DROP TABLE IF EXISTS `qrtz_locks`;
CREATE TABLE `qrtz_locks`  (
  `sched_name` varchar(120) CHARACTER SET utf8 COLLATE utf8_general_ci NOT NULL,
  `lock_name` varchar(40) CHARACTER SET utf8 COLLATE utf8_general_ci NOT NULL,
  PRIMARY KEY (`sched_name`, `lock_name`) USING BTREE
) ENGINE = InnoDB CHARACTER SET = utf8 COLLATE = utf8_general_ci ROW_FORMAT = Dynamic;

-- ----------------------------
-- Records of qrtz_locks
-- ----------------------------
INSERT INTO `qrtz_locks` VALUES ('RuoyiScheduler', 'STATE_ACCESS');
INSERT INTO `qrtz_locks` VALUES ('RuoyiScheduler', 'TRIGGER_ACCESS');

-- ----------------------------
-- Table structure for qrtz_paused_trigger_grps
-- ----------------------------
DROP TABLE IF EXISTS `qrtz_paused_trigger_grps`;
CREATE TABLE `qrtz_paused_trigger_grps`  (
  `sched_name` varchar(120) CHARACTER SET utf8 COLLATE utf8_general_ci NOT NULL,
  `trigger_group` varchar(200) CHARACTER SET utf8 COLLATE utf8_general_ci NOT NULL,
  PRIMARY KEY (`sched_name`, `trigger_group`) USING BTREE
) ENGINE = InnoDB CHARACTER SET = utf8 COLLATE = utf8_general_ci ROW_FORMAT = Dynamic;

-- ----------------------------
-- Table structure for qrtz_scheduler_state
-- ----------------------------
DROP TABLE IF EXISTS `qrtz_scheduler_state`;
CREATE TABLE `qrtz_scheduler_state`  (
  `sched_name` varchar(120) CHARACTER SET utf8 COLLATE utf8_general_ci NOT NULL,
  `instance_name` varchar(200) CHARACTER SET utf8 COLLATE utf8_general_ci NOT NULL,
  `last_checkin_time` bigint(13) NOT NULL,
  `checkin_interval` bigint(13) NOT NULL,
  PRIMARY KEY (`sched_name`, `instance_name`) USING BTREE
) ENGINE = InnoDB CHARACTER SET = utf8 COLLATE = utf8_general_ci ROW_FORMAT = Dynamic;

-- ----------------------------
-- Records of qrtz_scheduler_state
-- ----------------------------
INSERT INTO `qrtz_scheduler_state` VALUES ('RuoyiScheduler', 'sd-2020052109411625477356246', 1625477958712, 15000);

-- ----------------------------
-- Table structure for qrtz_simple_triggers
-- ----------------------------
DROP TABLE IF EXISTS `qrtz_simple_triggers`;
CREATE TABLE `qrtz_simple_triggers`  (
  `sched_name` varchar(120) CHARACTER SET utf8 COLLATE utf8_general_ci NOT NULL,
  `trigger_name` varchar(200) CHARACTER SET utf8 COLLATE utf8_general_ci NOT NULL,
  `trigger_group` varchar(200) CHARACTER SET utf8 COLLATE utf8_general_ci NOT NULL,
  `repeat_count` bigint(7) NOT NULL,
  `repeat_interval` bigint(12) NOT NULL,
  `times_triggered` bigint(10) NOT NULL,
  PRIMARY KEY (`sched_name`, `trigger_name`, `trigger_group`) USING BTREE,
  CONSTRAINT `qrtz_simple_triggers_ibfk_1` FOREIGN KEY (`sched_name`, `trigger_name`, `trigger_group`) REFERENCES `qrtz_triggers` (`sched_name`, `trigger_name`, `trigger_group`) ON DELETE RESTRICT ON UPDATE RESTRICT
) ENGINE = InnoDB CHARACTER SET = utf8 COLLATE = utf8_general_ci ROW_FORMAT = Dynamic;

-- ----------------------------
-- Table structure for qrtz_simprop_triggers
-- ----------------------------
DROP TABLE IF EXISTS `qrtz_simprop_triggers`;
CREATE TABLE `qrtz_simprop_triggers`  (
  `sched_name` varchar(120) CHARACTER SET utf8 COLLATE utf8_general_ci NOT NULL,
  `trigger_name` varchar(200) CHARACTER SET utf8 COLLATE utf8_general_ci NOT NULL,
  `trigger_group` varchar(200) CHARACTER SET utf8 COLLATE utf8_general_ci NOT NULL,
  `str_prop_1` varchar(512) CHARACTER SET utf8 COLLATE utf8_general_ci DEFAULT NULL,
  `str_prop_2` varchar(512) CHARACTER SET utf8 COLLATE utf8_general_ci DEFAULT NULL,
  `str_prop_3` varchar(512) CHARACTER SET utf8 COLLATE utf8_general_ci DEFAULT NULL,
  `int_prop_1` int(11) DEFAULT NULL,
  `int_prop_2` int(11) DEFAULT NULL,
  `long_prop_1` bigint(20) DEFAULT NULL,
  `long_prop_2` bigint(20) DEFAULT NULL,
  `dec_prop_1` decimal(13, 4) DEFAULT NULL,
  `dec_prop_2` decimal(13, 4) DEFAULT NULL,
  `bool_prop_1` varchar(1) CHARACTER SET utf8 COLLATE utf8_general_ci DEFAULT NULL,
  `bool_prop_2` varchar(1) CHARACTER SET utf8 COLLATE utf8_general_ci DEFAULT NULL,
  PRIMARY KEY (`sched_name`, `trigger_name`, `trigger_group`) USING BTREE,
  CONSTRAINT `qrtz_simprop_triggers_ibfk_1` FOREIGN KEY (`sched_name`, `trigger_name`, `trigger_group`) REFERENCES `qrtz_triggers` (`sched_name`, `trigger_name`, `trigger_group`) ON DELETE RESTRICT ON UPDATE RESTRICT
) ENGINE = InnoDB CHARACTER SET = utf8 COLLATE = utf8_general_ci ROW_FORMAT = Dynamic;

-- ----------------------------
-- Table structure for qrtz_triggers
-- ----------------------------
DROP TABLE IF EXISTS `qrtz_triggers`;
CREATE TABLE `qrtz_triggers`  (
  `sched_name` varchar(120) CHARACTER SET utf8 COLLATE utf8_general_ci NOT NULL,
  `trigger_name` varchar(200) CHARACTER SET utf8 COLLATE utf8_general_ci NOT NULL,
  `trigger_group` varchar(200) CHARACTER SET utf8 COLLATE utf8_general_ci NOT NULL,
  `job_name` varchar(200) CHARACTER SET utf8 COLLATE utf8_general_ci NOT NULL,
  `job_group` varchar(200) CHARACTER SET utf8 COLLATE utf8_general_ci NOT NULL,
  `description` varchar(250) CHARACTER SET utf8 COLLATE utf8_general_ci DEFAULT NULL,
  `next_fire_time` bigint(13) DEFAULT NULL,
  `prev_fire_time` bigint(13) DEFAULT NULL,
  `priority` int(11) DEFAULT NULL,
  `trigger_state` varchar(16) CHARACTER SET utf8 COLLATE utf8_general_ci NOT NULL,
  `trigger_type` varchar(8) CHARACTER SET utf8 COLLATE utf8_general_ci NOT NULL,
  `start_time` bigint(13) NOT NULL,
  `end_time` bigint(13) DEFAULT NULL,
  `calendar_name` varchar(200) CHARACTER SET utf8 COLLATE utf8_general_ci DEFAULT NULL,
  `misfire_instr` smallint(2) DEFAULT NULL,
  `job_data` blob,
  PRIMARY KEY (`sched_name`, `trigger_name`, `trigger_group`) USING BTREE,
  INDEX `sched_name`(`sched_name`, `job_name`, `job_group`) USING BTREE,
  CONSTRAINT `qrtz_triggers_ibfk_1` FOREIGN KEY (`sched_name`, `job_name`, `job_group`) REFERENCES `qrtz_job_details` (`sched_name`, `job_name`, `job_group`) ON DELETE RESTRICT ON UPDATE RESTRICT
) ENGINE = InnoDB CHARACTER SET = utf8 COLLATE = utf8_general_ci ROW_FORMAT = Dynamic;

-- ----------------------------
-- Records of qrtz_triggers
-- ----------------------------
INSERT INTO `qrtz_triggers` VALUES ('RuoyiScheduler', 'TASK_CLASS_NAME1', 'DEFAULT', 'TASK_CLASS_NAME1', 'DEFAULT', NULL, 1625477360000, -1, 5, 'PAUSED', 'CRON', 1625477356000, 0, NULL, 2, '');
INSERT INTO `qrtz_triggers` VALUES ('RuoyiScheduler', 'TASK_CLASS_NAME2', 'DEFAULT', 'TASK_CLASS_NAME2', 'DEFAULT', NULL, 1625477370000, -1, 5, 'PAUSED', 'CRON', 1625477356000, 0, NULL, 2, '');
INSERT INTO `qrtz_triggers` VALUES ('RuoyiScheduler', 'TASK_CLASS_NAME3', 'DEFAULT', 'TASK_CLASS_NAME3', 'DEFAULT', NULL, 1625477360000, -1, 5, 'PAUSED', 'CRON', 1625477356000, 0, NULL, 2, '');

-- ----------------------------
-- Table structure for sys_config
-- ----------------------------
DROP TABLE IF EXISTS `sys_config`;
CREATE TABLE `sys_config`  (
  `config_id` int(5) NOT NULL AUTO_INCREMENT COMMENT '参数主键',
  `config_name` varchar(100) CHARACTER SET utf8 COLLATE utf8_general_ci DEFAULT '' COMMENT '参数名称',
  `config_key` varchar(100) CHARACTER SET utf8 COLLATE utf8_general_ci DEFAULT '' COMMENT '参数键名',
  `config_value` varchar(500) CHARACTER SET utf8 COLLATE utf8_general_ci DEFAULT '' COMMENT '参数键值',
  `config_type` char(1) CHARACTER SET utf8 COLLATE utf8_general_ci DEFAULT 'N' COMMENT '系统内置（Y是 N否）',
  `create_by` varchar(64) CHARACTER SET utf8 COLLATE utf8_general_ci DEFAULT '' COMMENT '创建者',
  `create_time` datetime(0) DEFAULT NULL COMMENT '创建时间',
  `update_by` varchar(64) CHARACTER SET utf8 COLLATE utf8_general_ci DEFAULT '' COMMENT '更新者',
  `update_time` datetime(0) DEFAULT NULL COMMENT '更新时间',
  `remark` varchar(500) CHARACTER SET utf8 COLLATE utf8_general_ci DEFAULT NULL COMMENT '备注',
  PRIMARY KEY (`config_id`) USING BTREE
) ENGINE = InnoDB AUTO_INCREMENT = 100 CHARACTER SET = utf8 COLLATE = utf8_general_ci COMMENT = '参数配置表' ROW_FORMAT = Dynamic;

-- ----------------------------
-- Records of sys_config
-- ----------------------------
INSERT INTO `sys_config` VALUES (1, '主框架页-默认皮肤样式名称', 'sys.index.skinName', 'skin-blue', 'Y', 'admin', '2021-07-05 10:35:17', '', NULL, '蓝色 skin-blue、绿色 skin-green、紫色 skin-purple、红色 skin-red、黄色 skin-yellow');
INSERT INTO `sys_config` VALUES (2, '用户管理-账号初始密码', 'sys.user.initPassword', '123456', 'Y', 'admin', '2021-07-05 10:35:17', '', NULL, '初始化密码 123456');
INSERT INTO `sys_config` VALUES (3, '主框架页-侧边栏主题', 'sys.index.sideTheme', 'theme-dark', 'Y', 'admin', '2021-07-05 10:35:17', '', NULL, '深色主题theme-dark，浅色主题theme-light');

-- ----------------------------
-- Table structure for sys_dept
-- ----------------------------
DROP TABLE IF EXISTS `sys_dept`;
CREATE TABLE `sys_dept`  (
  `dept_id` bigint(20) NOT NULL AUTO_INCREMENT COMMENT '部门id',
  `parent_id` bigint(20) DEFAULT 0 COMMENT '父部门id',
  `ancestors` varchar(50) CHARACTER SET utf8 COLLATE utf8_general_ci DEFAULT '' COMMENT '祖级列表',
  `dept_name` varchar(30) CHARACTER SET utf8 COLLATE utf8_general_ci DEFAULT '' COMMENT '部门名称',
  `order_num` int(4) DEFAULT 0 COMMENT '显示顺序',
  `leader` varchar(20) CHARACTER SET utf8 COLLATE utf8_general_ci DEFAULT NULL COMMENT '负责人',
  `phone` varchar(11) CHARACTER SET utf8 COLLATE utf8_general_ci DEFAULT NULL COMMENT '联系电话',
  `email` varchar(50) CHARACTER SET utf8 COLLATE utf8_general_ci DEFAULT NULL COMMENT '邮箱',
  `status` char(1) CHARACTER SET utf8 COLLATE utf8_general_ci DEFAULT '0' COMMENT '部门状态（0正常 1停用）',
  `del_flag` char(1) CHARACTER SET utf8 COLLATE utf8_general_ci DEFAULT '0' COMMENT '删除标志（0代表存在 2代表删除）',
  `create_by` varchar(64) CHARACTER SET utf8 COLLATE utf8_general_ci DEFAULT '' COMMENT '创建者',
  `create_time` datetime(0) DEFAULT NULL COMMENT '创建时间',
  `update_by` varchar(64) CHARACTER SET utf8 COLLATE utf8_general_ci DEFAULT '' COMMENT '更新者',
  `update_time` datetime(0) DEFAULT NULL COMMENT '更新时间',
  PRIMARY KEY (`dept_id`) USING BTREE
) ENGINE = InnoDB AUTO_INCREMENT = 200 CHARACTER SET = utf8 COLLATE = utf8_general_ci COMMENT = '部门表' ROW_FORMAT = Dynamic;

-- ----------------------------
-- Records of sys_dept
-- ----------------------------
INSERT INTO `sys_dept` VALUES (100, 0, '0', '若依科技', 0, '若依', '15888888888', 'ry@qq.com', '0', '0', 'admin', '2021-07-05 10:35:17', '', NULL);
INSERT INTO `sys_dept` VALUES (101, 100, '0,100', '深圳总公司', 1, '若依', '15888888888', 'ry@qq.com', '0', '0', 'admin', '2021-07-05 10:35:17', '', NULL);
INSERT INTO `sys_dept` VALUES (102, 100, '0,100', '长沙分公司', 2, '若依', '15888888888', 'ry@qq.com', '0', '0', 'admin', '2021-07-05 10:35:17', '', NULL);
INSERT INTO `sys_dept` VALUES (103, 101, '0,100,101', '研发部门', 1, '若依', '15888888888', 'ry@qq.com', '0', '0', 'admin', '2021-07-05 10:35:17', '', NULL);
INSERT INTO `sys_dept` VALUES (104, 101, '0,100,101', '市场部门', 2, '若依', '15888888888', 'ry@qq.com', '0', '0', 'admin', '2021-07-05 10:35:17', '', NULL);
INSERT INTO `sys_dept` VALUES (105, 101, '0,100,101', '测试部门', 3, '若依', '15888888888', 'ry@qq.com', '0', '0', 'admin', '2021-07-05 10:35:17', '', NULL);
INSERT INTO `sys_dept` VALUES (106, 101, '0,100,101', '财务部门', 4, '若依', '15888888888', 'ry@qq.com', '0', '0', 'admin', '2021-07-05 10:35:17', '', NULL);
INSERT INTO `sys_dept` VALUES (107, 101, '0,100,101', '运维部门', 5, '若依', '15888888888', 'ry@qq.com', '0', '0', 'admin', '2021-07-05 10:35:17', '', NULL);
INSERT INTO `sys_dept` VALUES (108, 102, '0,100,102', '市场部门', 1, '若依', '15888888888', 'ry@qq.com', '0', '0', 'admin', '2021-07-05 10:35:17', '', NULL);
INSERT INTO `sys_dept` VALUES (109, 102, '0,100,102', '财务部门', 2, '若依', '15888888888', 'ry@qq.com', '0', '0', 'admin', '2021-07-05 10:35:17', '', NULL);

-- ----------------------------
-- Table structure for sys_dict_data
-- ----------------------------
DROP TABLE IF EXISTS `sys_dict_data`;
CREATE TABLE `sys_dict_data`  (
  `dict_code` bigint(20) NOT NULL AUTO_INCREMENT COMMENT '字典编码',
  `dict_sort` int(4) DEFAULT 0 COMMENT '字典排序',
  `dict_label` varchar(100) CHARACTER SET utf8 COLLATE utf8_general_ci DEFAULT '' COMMENT '字典标签',
  `dict_value` varchar(100) CHARACTER SET utf8 COLLATE utf8_general_ci DEFAULT '' COMMENT '字典键值',
  `dict_type` varchar(100) CHARACTER SET utf8 COLLATE utf8_general_ci DEFAULT '' COMMENT '字典类型',
  `css_class` varchar(100) CHARACTER SET utf8 COLLATE utf8_general_ci DEFAULT NULL COMMENT '样式属性（其他样式扩展）',
  `list_class` varchar(100) CHARACTER SET utf8 COLLATE utf8_general_ci DEFAULT NULL COMMENT '表格回显样式',
  `is_default` char(1) CHARACTER SET utf8 COLLATE utf8_general_ci DEFAULT 'N' COMMENT '是否默认（Y是 N否）',
  `status` char(1) CHARACTER SET utf8 COLLATE utf8_general_ci DEFAULT '0' COMMENT '状态（0正常 1停用）',
  `create_by` varchar(64) CHARACTER SET utf8 COLLATE utf8_general_ci DEFAULT '' COMMENT '创建者',
  `create_time` datetime(0) DEFAULT NULL COMMENT '创建时间',
  `update_by` varchar(64) CHARACTER SET utf8 COLLATE utf8_general_ci DEFAULT '' COMMENT '更新者',
  `update_time` datetime(0) DEFAULT NULL COMMENT '更新时间',
  `remark` varchar(500) CHARACTER SET utf8 COLLATE utf8_general_ci DEFAULT NULL COMMENT '备注',
  PRIMARY KEY (`dict_code`) USING BTREE
) ENGINE = InnoDB AUTO_INCREMENT = 100 CHARACTER SET = utf8 COLLATE = utf8_general_ci COMMENT = '字典数据表' ROW_FORMAT = Dynamic;

-- ----------------------------
-- Records of sys_dict_data
-- ----------------------------
INSERT INTO `sys_dict_data` VALUES (1, 1, '男', '0', 'sys_user_sex', '', '', 'Y', '0', 'admin', '2021-07-05 10:35:17', '', NULL, '性别男');
INSERT INTO `sys_dict_data` VALUES (2, 2, '女', '1', 'sys_user_sex', '', '', 'N', '0', 'admin', '2021-07-05 10:35:17', '', NULL, '性别女');
INSERT INTO `sys_dict_data` VALUES (3, 3, '未知', '2', 'sys_user_sex', '', '', 'N', '0', 'admin', '2021-07-05 10:35:17', '', NULL, '性别未知');
INSERT INTO `sys_dict_data` VALUES (4, 1, '显示', '0', 'sys_show_hide', '', 'primary', 'Y', '0', 'admin', '2021-07-05 10:35:17', '', NULL, '显示菜单');
INSERT INTO `sys_dict_data` VALUES (5, 2, '隐藏', '1', 'sys_show_hide', '', 'danger', 'N', '0', 'admin', '2021-07-05 10:35:17', '', NULL, '隐藏菜单');
INSERT INTO `sys_dict_data` VALUES (6, 1, '正常', '0', 'sys_normal_disable', '', 'primary', 'Y', '0', 'admin', '2021-07-05 10:35:17', '', NULL, '正常状态');
INSERT INTO `sys_dict_data` VALUES (7, 2, '停用', '1', 'sys_normal_disable', '', 'danger', 'N', '0', 'admin', '2021-07-05 10:35:17', '', NULL, '停用状态');
INSERT INTO `sys_dict_data` VALUES (8, 1, '正常', '0', 'sys_job_status', '', 'primary', 'Y', '0', 'admin', '2021-07-05 10:35:17', '', NULL, '正常状态');
INSERT INTO `sys_dict_data` VALUES (9, 2, '暂停', '1', 'sys_job_status', '', 'danger', 'N', '0', 'admin', '2021-07-05 10:35:17', '', NULL, '停用状态');
INSERT INTO `sys_dict_data` VALUES (10, 1, '默认', 'DEFAULT', 'sys_job_group', '', '', 'Y', '0', 'admin', '2021-07-05 10:35:17', '', NULL, '默认分组');
INSERT INTO `sys_dict_data` VALUES (11, 2, '系统', 'SYSTEM', 'sys_job_group', '', '', 'N', '0', 'admin', '2021-07-05 10:35:17', '', NULL, '系统分组');
INSERT INTO `sys_dict_data` VALUES (12, 1, '是', 'Y', 'sys_yes_no', '', 'primary', 'Y', '0', 'admin', '2021-07-05 10:35:17', '', NULL, '系统默认是');
INSERT INTO `sys_dict_data` VALUES (13, 2, '否', 'N', 'sys_yes_no', '', 'danger', 'N', '0', 'admin', '2021-07-05 10:35:17', '', NULL, '系统默认否');
INSERT INTO `sys_dict_data` VALUES (14, 1, '通知', '1', 'sys_notice_type', '', 'warning', 'Y', '0', 'admin', '2021-07-05 10:35:17', '', NULL, '通知');
INSERT INTO `sys_dict_data` VALUES (15, 2, '公告', '2', 'sys_notice_type', '', 'success', 'N', '0', 'admin', '2021-07-05 10:35:17', '', NULL, '公告');
INSERT INTO `sys_dict_data` VALUES (16, 1, '正常', '0', 'sys_notice_status', '', 'primary', 'Y', '0', 'admin', '2021-07-05 10:35:17', '', NULL, '正常状态');
INSERT INTO `sys_dict_data` VALUES (17, 2, '关闭', '1', 'sys_notice_status', '', 'danger', 'N', '0', 'admin', '2021-07-05 10:35:17', '', NULL, '关闭状态');
INSERT INTO `sys_dict_data` VALUES (18, 1, '新增', '1', 'sys_oper_type', '', 'info', 'N', '0', 'admin', '2021-07-05 10:35:17', '', NULL, '新增操作');
INSERT INTO `sys_dict_data` VALUES (19, 2, '修改', '2', 'sys_oper_type', '', 'info', 'N', '0', 'admin', '2021-07-05 10:35:17', '', NULL, '修改操作');
INSERT INTO `sys_dict_data` VALUES (20, 3, '删除', '3', 'sys_oper_type', '', 'danger', 'N', '0', 'admin', '2021-07-05 10:35:17', '', NULL, '删除操作');
INSERT INTO `sys_dict_data` VALUES (21, 4, '授权', '4', 'sys_oper_type', '', 'primary', 'N', '0', 'admin', '2021-07-05 10:35:17', '', NULL, '授权操作');
INSERT INTO `sys_dict_data` VALUES (22, 5, '导出', '5', 'sys_oper_type', '', 'warning', 'N', '0', 'admin', '2021-07-05 10:35:17', '', NULL, '导出操作');
INSERT INTO `sys_dict_data` VALUES (23, 6, '导入', '6', 'sys_oper_type', '', 'warning', 'N', '0', 'admin', '2021-07-05 10:35:17', '', NULL, '导入操作');
INSERT INTO `sys_dict_data` VALUES (24, 7, '强退', '7', 'sys_oper_type', '', 'danger', 'N', '0', 'admin', '2021-07-05 10:35:17', '', NULL, '强退操作');
INSERT INTO `sys_dict_data` VALUES (25, 8, '生成代码', '8', 'sys_oper_type', '', 'warning', 'N', '0', 'admin', '2021-07-05 10:35:17', '', NULL, '生成操作');
INSERT INTO `sys_dict_data` VALUES (26, 9, '清空数据', '9', 'sys_oper_type', '', 'danger', 'N', '0', 'admin', '2021-07-05 10:35:17', '', NULL, '清空操作');
INSERT INTO `sys_dict_data` VALUES (27, 1, '成功', '0', 'sys_common_status', '', 'primary', 'N', '0', 'admin', '2021-07-05 10:35:17', '', NULL, '正常状态');
INSERT INTO `sys_dict_data` VALUES (28, 2, '失败', '1', 'sys_common_status', '', 'danger', 'N', '0', 'admin', '2021-07-05 10:35:17', '', NULL, '停用状态');

-- ----------------------------
-- Table structure for sys_dict_type
-- ----------------------------
DROP TABLE IF EXISTS `sys_dict_type`;
CREATE TABLE `sys_dict_type`  (
  `dict_id` bigint(20) NOT NULL AUTO_INCREMENT COMMENT '字典主键',
  `dict_name` varchar(100) CHARACTER SET utf8 COLLATE utf8_general_ci DEFAULT '' COMMENT '字典名称',
  `dict_type` varchar(100) CHARACTER SET utf8 COLLATE utf8_general_ci DEFAULT '' COMMENT '字典类型',
  `status` char(1) CHARACTER SET utf8 COLLATE utf8_general_ci DEFAULT '0' COMMENT '状态（0正常 1停用）',
  `create_by` varchar(64) CHARACTER SET utf8 COLLATE utf8_general_ci DEFAULT '' COMMENT '创建者',
  `create_time` datetime(0) DEFAULT NULL COMMENT '创建时间',
  `update_by` varchar(64) CHARACTER SET utf8 COLLATE utf8_general_ci DEFAULT '' COMMENT '更新者',
  `update_time` datetime(0) DEFAULT NULL COMMENT '更新时间',
  `remark` varchar(500) CHARACTER SET utf8 COLLATE utf8_general_ci DEFAULT NULL COMMENT '备注',
  PRIMARY KEY (`dict_id`) USING BTREE,
  UNIQUE INDEX `dict_type`(`dict_type`) USING BTREE
) ENGINE = InnoDB AUTO_INCREMENT = 100 CHARACTER SET = utf8 COLLATE = utf8_general_ci COMMENT = '字典类型表' ROW_FORMAT = Dynamic;

-- ----------------------------
-- Records of sys_dict_type
-- ----------------------------
INSERT INTO `sys_dict_type` VALUES (1, '用户性别', 'sys_user_sex', '0', 'admin', '2021-07-05 10:35:17', '', NULL, '用户性别列表');
INSERT INTO `sys_dict_type` VALUES (2, '菜单状态', 'sys_show_hide', '0', 'admin', '2021-07-05 10:35:17', '', NULL, '菜单状态列表');
INSERT INTO `sys_dict_type` VALUES (3, '系统开关', 'sys_normal_disable', '0', 'admin', '2021-07-05 10:35:17', '', NULL, '系统开关列表');
INSERT INTO `sys_dict_type` VALUES (4, '任务状态', 'sys_job_status', '0', 'admin', '2021-07-05 10:35:17', '', NULL, '任务状态列表');
INSERT INTO `sys_dict_type` VALUES (5, '任务分组', 'sys_job_group', '0', 'admin', '2021-07-05 10:35:17', '', NULL, '任务分组列表');
INSERT INTO `sys_dict_type` VALUES (6, '系统是否', 'sys_yes_no', '0', 'admin', '2021-07-05 10:35:17', '', NULL, '系统是否列表');
INSERT INTO `sys_dict_type` VALUES (7, '通知类型', 'sys_notice_type', '0', 'admin', '2021-07-05 10:35:17', '', NULL, '通知类型列表');
INSERT INTO `sys_dict_type` VALUES (8, '通知状态', 'sys_notice_status', '0', 'admin', '2021-07-05 10:35:17', '', NULL, '通知状态列表');
INSERT INTO `sys_dict_type` VALUES (9, '操作类型', 'sys_oper_type', '0', 'admin', '2021-07-05 10:35:17', '', NULL, '操作类型列表');
INSERT INTO `sys_dict_type` VALUES (10, '系统状态', 'sys_common_status', '0', 'admin', '2021-07-05 10:35:17', '', NULL, '登录状态列表');

-- ----------------------------
-- Table structure for sys_job
-- ----------------------------
DROP TABLE IF EXISTS `sys_job`;
CREATE TABLE `sys_job`  (
  `job_id` bigint(20) NOT NULL AUTO_INCREMENT COMMENT '任务ID',
  `job_name` varchar(64) CHARACTER SET utf8 COLLATE utf8_general_ci NOT NULL DEFAULT '' COMMENT '任务名称',
  `job_group` varchar(64) CHARACTER SET utf8 COLLATE utf8_general_ci NOT NULL DEFAULT 'DEFAULT' COMMENT '任务组名',
  `invoke_target` varchar(500) CHARACTER SET utf8 COLLATE utf8_general_ci NOT NULL COMMENT '调用目标字符串',
  `cron_expression` varchar(255) CHARACTER SET utf8 COLLATE utf8_general_ci DEFAULT '' COMMENT 'cron执行表达式',
  `misfire_policy` varchar(20) CHARACTER SET utf8 COLLATE utf8_general_ci DEFAULT '3' COMMENT '计划执行错误策略（1立即执行 2执行一次 3放弃执行）',
  `concurrent` char(1) CHARACTER SET utf8 COLLATE utf8_general_ci DEFAULT '1' COMMENT '是否并发执行（0允许 1禁止）',
  `status` char(1) CHARACTER SET utf8 COLLATE utf8_general_ci DEFAULT '0' COMMENT '状态（0正常 1暂停）',
  `create_by` varchar(64) CHARACTER SET utf8 COLLATE utf8_general_ci DEFAULT '' COMMENT '创建者',
  `create_time` datetime(0) DEFAULT NULL COMMENT '创建时间',
  `update_by` varchar(64) CHARACTER SET utf8 COLLATE utf8_general_ci DEFAULT '' COMMENT '更新者',
  `update_time` datetime(0) DEFAULT NULL COMMENT '更新时间',
  `remark` varchar(500) CHARACTER SET utf8 COLLATE utf8_general_ci DEFAULT '' COMMENT '备注信息',
  PRIMARY KEY (`job_id`, `job_name`, `job_group`) USING BTREE
) ENGINE = InnoDB AUTO_INCREMENT = 100 CHARACTER SET = utf8 COLLATE = utf8_general_ci COMMENT = '定时任务调度表' ROW_FORMAT = Dynamic;

-- ----------------------------
-- Records of sys_job
-- ----------------------------
INSERT INTO `sys_job` VALUES (1, '系统默认（无参）', 'DEFAULT', 'ryTask.ryNoParams', '0/10 * * * * ?', '3', '1', '1', 'admin', '2021-07-05 10:35:17', '', NULL, '');
INSERT INTO `sys_job` VALUES (2, '系统默认（有参）', 'DEFAULT', 'ryTask.ryParams(\'ry\')', '0/15 * * * * ?', '3', '1', '1', 'admin', '2021-07-05 10:35:17', '', NULL, '');
INSERT INTO `sys_job` VALUES (3, '系统默认（多参）', 'DEFAULT', 'ryTask.ryMultipleParams(\'ry\', true, 2000L, 316.50D, 100)', '0/20 * * * * ?', '3', '1', '1', 'admin', '2021-07-05 10:35:17', '', NULL, '');

-- ----------------------------
-- Table structure for sys_job_log
-- ----------------------------
DROP TABLE IF EXISTS `sys_job_log`;
CREATE TABLE `sys_job_log`  (
  `job_log_id` bigint(20) NOT NULL AUTO_INCREMENT COMMENT '任务日志ID',
  `job_name` varchar(64) CHARACTER SET utf8 COLLATE utf8_general_ci NOT NULL COMMENT '任务名称',
  `job_group` varchar(64) CHARACTER SET utf8 COLLATE utf8_general_ci NOT NULL COMMENT '任务组名',
  `invoke_target` varchar(500) CHARACTER SET utf8 COLLATE utf8_general_ci NOT NULL COMMENT '调用目标字符串',
  `job_message` varchar(500) CHARACTER SET utf8 COLLATE utf8_general_ci DEFAULT NULL COMMENT '日志信息',
  `status` char(1) CHARACTER SET utf8 COLLATE utf8_general_ci DEFAULT '0' COMMENT '执行状态（0正常 1失败）',
  `exception_info` varchar(2000) CHARACTER SET utf8 COLLATE utf8_general_ci DEFAULT '' COMMENT '异常信息',
  `create_time` datetime(0) DEFAULT NULL COMMENT '创建时间',
  PRIMARY KEY (`job_log_id`) USING BTREE
) ENGINE = InnoDB AUTO_INCREMENT = 1 CHARACTER SET = utf8 COLLATE = utf8_general_ci COMMENT = '定时任务调度日志表' ROW_FORMAT = Dynamic;

-- ----------------------------
-- Table structure for sys_logininfor
-- ----------------------------
DROP TABLE IF EXISTS `sys_logininfor`;
CREATE TABLE `sys_logininfor`  (
  `info_id` bigint(20) NOT NULL AUTO_INCREMENT COMMENT '访问ID',
  `user_name` varchar(50) CHARACTER SET utf8 COLLATE utf8_general_ci DEFAULT '' COMMENT '用户账号',
  `ipaddr` varchar(128) CHARACTER SET utf8 COLLATE utf8_general_ci DEFAULT '' COMMENT '登录IP地址',
  `login_location` varchar(255) CHARACTER SET utf8 COLLATE utf8_general_ci DEFAULT '' COMMENT '登录地点',
  `browser` varchar(50) CHARACTER SET utf8 COLLATE utf8_general_ci DEFAULT '' COMMENT '浏览器类型',
  `os` varchar(50) CHARACTER SET utf8 COLLATE utf8_general_ci DEFAULT '' COMMENT '操作系统',
  `status` char(1) CHARACTER SET utf8 COLLATE utf8_general_ci DEFAULT '0' COMMENT '登录状态（0成功 1失败）',
  `msg` varchar(255) CHARACTER SET utf8 COLLATE utf8_general_ci DEFAULT '' COMMENT '提示消息',
  `login_time` datetime(0) DEFAULT NULL COMMENT '访问时间',
  PRIMARY KEY (`info_id`) USING BTREE
) ENGINE = InnoDB AUTO_INCREMENT = 104 CHARACTER SET = utf8 COLLATE = utf8_general_ci COMMENT = '系统访问记录' ROW_FORMAT = Dynamic;

-- ----------------------------
-- Records of sys_logininfor
-- ----------------------------
INSERT INTO `sys_logininfor` VALUES (100, 'admin', '127.0.0.1', '内网IP', 'Chrome 8', 'Windows 7', '1', '验证码错误', '2021-07-05 11:02:54');
INSERT INTO `sys_logininfor` VALUES (101, 'admin', '127.0.0.1', '内网IP', 'Chrome 8', 'Windows 7', '0', '登录成功', '2021-07-05 11:02:58');
INSERT INTO `sys_logininfor` VALUES (102, 'admin', '127.0.0.1', '内网IP', 'Chrome 8', 'Windows 7', '0', '登录成功', '2021-07-05 13:48:50');
INSERT INTO `sys_logininfor` VALUES (103, 'admin', '127.0.0.1', '内网IP', 'Chrome 8', 'Windows 7', '0', '登录成功', '2021-07-05 17:29:32');

-- ----------------------------
-- Table structure for sys_menu
-- ----------------------------
DROP TABLE IF EXISTS `sys_menu`;
CREATE TABLE `sys_menu`  (
  `menu_id` bigint(20) NOT NULL AUTO_INCREMENT COMMENT '菜单ID',
  `menu_name` varchar(50) CHARACTER SET utf8 COLLATE utf8_general_ci NOT NULL COMMENT '菜单名称',
  `parent_id` bigint(20) DEFAULT 0 COMMENT '父菜单ID',
  `order_num` int(4) DEFAULT 0 COMMENT '显示顺序',
  `path` varchar(200) CHARACTER SET utf8 COLLATE utf8_general_ci DEFAULT '' COMMENT '路由地址',
  `component` varchar(255) CHARACTER SET utf8 COLLATE utf8_general_ci DEFAULT NULL COMMENT '组件路径',
  `is_frame` int(1) DEFAULT 1 COMMENT '是否为外链（0是 1否）',
  `is_cache` int(1) DEFAULT 0 COMMENT '是否缓存（0缓存 1不缓存）',
  `menu_type` char(1) CHARACTER SET utf8 COLLATE utf8_general_ci DEFAULT '' COMMENT '菜单类型（M目录 C菜单 F按钮）',
  `visible` char(1) CHARACTER SET utf8 COLLATE utf8_general_ci DEFAULT '0' COMMENT '菜单状态（0显示 1隐藏）',
  `status` char(1) CHARACTER SET utf8 COLLATE utf8_general_ci DEFAULT '0' COMMENT '菜单状态（0正常 1停用）',
  `perms` varchar(100) CHARACTER SET utf8 COLLATE utf8_general_ci DEFAULT NULL COMMENT '权限标识',
  `icon` varchar(100) CHARACTER SET utf8 COLLATE utf8_general_ci DEFAULT '#' COMMENT '菜单图标',
  `create_by` varchar(64) CHARACTER SET utf8 COLLATE utf8_general_ci DEFAULT '' COMMENT '创建者',
  `create_time` datetime(0) DEFAULT NULL COMMENT '创建时间',
  `update_by` varchar(64) CHARACTER SET utf8 COLLATE utf8_general_ci DEFAULT '' COMMENT '更新者',
  `update_time` datetime(0) DEFAULT NULL COMMENT '更新时间',
  `remark` varchar(500) CHARACTER SET utf8 COLLATE utf8_general_ci DEFAULT '' COMMENT '备注',
  PRIMARY KEY (`menu_id`) USING BTREE
) ENGINE = InnoDB AUTO_INCREMENT = 2021 CHARACTER SET = utf8 COLLATE = utf8_general_ci COMMENT = '菜单权限表' ROW_FORMAT = Dynamic;

-- ----------------------------
-- Records of sys_menu
-- ----------------------------
INSERT INTO `sys_menu` VALUES (1, '系统管理', 0, 1, 'system', NULL, 1, 0, 'M', '0', '0', '', 'system', 'admin', '2021-07-05 10:35:17', '', NULL, '系统管理目录');
INSERT INTO `sys_menu` VALUES (2, '系统监控', 0, 2, 'monitor', NULL, 1, 0, 'M', '0', '0', '', 'monitor', 'admin', '2021-07-05 10:35:17', '', NULL, '系统监控目录');
INSERT INTO `sys_menu` VALUES (3, '系统工具', 0, 3, 'tool', NULL, 1, 0, 'M', '0', '0', '', 'tool', 'admin', '2021-07-05 10:35:17', '', NULL, '系统工具目录');
INSERT INTO `sys_menu` VALUES (100, '用户管理', 1, 1, 'user', 'system/user/index', 1, 0, 'C', '0', '0', 'system:user:list', 'user', 'admin', '2021-07-05 10:35:17', '', NULL, '用户管理菜单');
INSERT INTO `sys_menu` VALUES (101, '角色管理', 1, 2, 'role', 'system/role/index', 1, 0, 'C', '0', '0', 'system:role:list', 'peoples', 'admin', '2021-07-05 10:35:17', '', NULL, '角色管理菜单');
INSERT INTO `sys_menu` VALUES (102, '菜单管理', 1, 3, 'menu', 'system/menu/index', 1, 0, 'C', '0', '0', 'system:menu:list', 'tree-table', 'admin', '2021-07-05 10:35:17', '', NULL, '菜单管理菜单');
INSERT INTO `sys_menu` VALUES (103, '部门管理', 1, 4, 'dept', 'system/dept/index', 1, 0, 'C', '0', '0', 'system:dept:list', 'tree', 'admin', '2021-07-05 10:35:17', '', NULL, '部门管理菜单');
INSERT INTO `sys_menu` VALUES (104, '岗位管理', 1, 5, 'post', 'system/post/index', 1, 0, 'C', '0', '0', 'system:post:list', 'post', 'admin', '2021-07-05 10:35:17', '', NULL, '岗位管理菜单');
INSERT INTO `sys_menu` VALUES (105, '字典管理', 1, 6, 'dict', 'system/dict/index', 1, 0, 'C', '0', '0', 'system:dict:list', 'dict', 'admin', '2021-07-05 10:35:17', '', NULL, '字典管理菜单');
INSERT INTO `sys_menu` VALUES (106, '参数设置', 1, 7, 'config', 'system/config/index', 1, 0, 'C', '0', '0', 'system:config:list', 'edit', 'admin', '2021-07-05 10:35:17', '', NULL, '参数设置菜单');
INSERT INTO `sys_menu` VALUES (107, '通知公告', 1, 8, 'notice', 'system/notice/index', 1, 0, 'C', '0', '0', 'system:notice:list', 'message', 'admin', '2021-07-05 10:35:17', '', NULL, '通知公告菜单');
INSERT INTO `sys_menu` VALUES (108, '日志管理', 1, 9, 'log', '', 1, 0, 'M', '0', '0', '', 'log', 'admin', '2021-07-05 10:35:17', '', NULL, '日志管理菜单');
INSERT INTO `sys_menu` VALUES (109, '在线用户', 2, 1, 'online', 'monitor/online/index', 1, 0, 'C', '0', '0', 'monitor:online:list', 'online', 'admin', '2021-07-05 10:35:17', '', NULL, '在线用户菜单');
INSERT INTO `sys_menu` VALUES (110, '定时任务', 2, 2, 'job', 'monitor/job/index', 1, 0, 'C', '0', '0', 'monitor:job:list', 'job', 'admin', '2021-07-05 10:35:17', '', NULL, '定时任务菜单');
INSERT INTO `sys_menu` VALUES (111, '数据监控', 2, 3, 'druid', 'monitor/druid/index', 1, 0, 'C', '0', '0', 'monitor:druid:list', 'druid', 'admin', '2021-07-05 10:35:17', '', NULL, '数据监控菜单');
INSERT INTO `sys_menu` VALUES (112, '服务监控', 2, 4, 'server', 'monitor/server/index', 1, 0, 'C', '0', '0', 'monitor:server:list', 'server', 'admin', '2021-07-05 10:35:17', '', NULL, '服务监控菜单');
INSERT INTO `sys_menu` VALUES (113, '缓存监控', 2, 5, 'cache', 'monitor/cache/index', 1, 0, 'C', '0', '0', 'monitor:cache:list', 'redis', 'admin', '2021-07-05 10:35:17', '', NULL, '缓存监控菜单');
INSERT INTO `sys_menu` VALUES (114, '表单构建', 3, 1, 'build', 'tool/build/index', 1, 0, 'C', '0', '0', 'tool:build:list', 'build', 'admin', '2021-07-05 10:35:17', '', NULL, '表单构建菜单');
INSERT INTO `sys_menu` VALUES (115, '代码生成', 3, 2, 'gen', 'tool/gen/index', 1, 0, 'C', '0', '0', 'tool:gen:list', 'code', 'admin', '2021-07-05 10:35:17', '', NULL, '代码生成菜单');
INSERT INTO `sys_menu` VALUES (116, '系统接口', 3, 3, 'swagger', 'tool/swagger/index', 1, 0, 'C', '0', '0', 'tool:swagger:list', 'swagger', 'admin', '2021-07-05 10:35:17', '', NULL, '系统接口菜单');
INSERT INTO `sys_menu` VALUES (500, '操作日志', 108, 1, 'operlog', 'monitor/operlog/index', 1, 0, 'C', '0', '0', 'monitor:operlog:list', 'form', 'admin', '2021-07-05 10:35:17', '', NULL, '操作日志菜单');
INSERT INTO `sys_menu` VALUES (501, '登录日志', 108, 2, 'logininfor', 'monitor/logininfor/index', 1, 0, 'C', '0', '0', 'monitor:logininfor:list', 'logininfor', 'admin', '2021-07-05 10:35:17', '', NULL, '登录日志菜单');
INSERT INTO `sys_menu` VALUES (1001, '用户查询', 100, 1, '', '', 1, 0, 'F', '0', '0', 'system:user:query', '#', 'admin', '2021-07-05 10:35:17', '', NULL, '');
INSERT INTO `sys_menu` VALUES (1002, '用户新增', 100, 2, '', '', 1, 0, 'F', '0', '0', 'system:user:add', '#', 'admin', '2021-07-05 10:35:17', '', NULL, '');
INSERT INTO `sys_menu` VALUES (1003, '用户修改', 100, 3, '', '', 1, 0, 'F', '0', '0', 'system:user:edit', '#', 'admin', '2021-07-05 10:35:17', '', NULL, '');
INSERT INTO `sys_menu` VALUES (1004, '用户删除', 100, 4, '', '', 1, 0, 'F', '0', '0', 'system:user:remove', '#', 'admin', '2021-07-05 10:35:17', '', NULL, '');
INSERT INTO `sys_menu` VALUES (1005, '用户导出', 100, 5, '', '', 1, 0, 'F', '0', '0', 'system:user:export', '#', 'admin', '2021-07-05 10:35:17', '', NULL, '');
INSERT INTO `sys_menu` VALUES (1006, '用户导入', 100, 6, '', '', 1, 0, 'F', '0', '0', 'system:user:import', '#', 'admin', '2021-07-05 10:35:17', '', NULL, '');
INSERT INTO `sys_menu` VALUES (1007, '重置密码', 100, 7, '', '', 1, 0, 'F', '0', '0', 'system:user:resetPwd', '#', 'admin', '2021-07-05 10:35:17', '', NULL, '');
INSERT INTO `sys_menu` VALUES (1008, '角色查询', 101, 1, '', '', 1, 0, 'F', '0', '0', 'system:role:query', '#', 'admin', '2021-07-05 10:35:17', '', NULL, '');
INSERT INTO `sys_menu` VALUES (1009, '角色新增', 101, 2, '', '', 1, 0, 'F', '0', '0', 'system:role:add', '#', 'admin', '2021-07-05 10:35:17', '', NULL, '');
INSERT INTO `sys_menu` VALUES (1010, '角色修改', 101, 3, '', '', 1, 0, 'F', '0', '0', 'system:role:edit', '#', 'admin', '2021-07-05 10:35:17', '', NULL, '');
INSERT INTO `sys_menu` VALUES (1011, '角色删除', 101, 4, '', '', 1, 0, 'F', '0', '0', 'system:role:remove', '#', 'admin', '2021-07-05 10:35:17', '', NULL, '');
INSERT INTO `sys_menu` VALUES (1012, '角色导出', 101, 5, '', '', 1, 0, 'F', '0', '0', 'system:role:export', '#', 'admin', '2021-07-05 10:35:17', '', NULL, '');
INSERT INTO `sys_menu` VALUES (1013, '菜单查询', 102, 1, '', '', 1, 0, 'F', '0', '0', 'system:menu:query', '#', 'admin', '2021-07-05 10:35:17', '', NULL, '');
INSERT INTO `sys_menu` VALUES (1014, '菜单新增', 102, 2, '', '', 1, 0, 'F', '0', '0', 'system:menu:add', '#', 'admin', '2021-07-05 10:35:17', '', NULL, '');
INSERT INTO `sys_menu` VALUES (1015, '菜单修改', 102, 3, '', '', 1, 0, 'F', '0', '0', 'system:menu:edit', '#', 'admin', '2021-07-05 10:35:17', '', NULL, '');
INSERT INTO `sys_menu` VALUES (1016, '菜单删除', 102, 4, '', '', 1, 0, 'F', '0', '0', 'system:menu:remove', '#', 'admin', '2021-07-05 10:35:17', '', NULL, '');
INSERT INTO `sys_menu` VALUES (1017, '部门查询', 103, 1, '', '', 1, 0, 'F', '0', '0', 'system:dept:query', '#', 'admin', '2021-07-05 10:35:17', '', NULL, '');
INSERT INTO `sys_menu` VALUES (1018, '部门新增', 103, 2, '', '', 1, 0, 'F', '0', '0', 'system:dept:add', '#', 'admin', '2021-07-05 10:35:17', '', NULL, '');
INSERT INTO `sys_menu` VALUES (1019, '部门修改', 103, 3, '', '', 1, 0, 'F', '0', '0', 'system:dept:edit', '#', 'admin', '2021-07-05 10:35:17', '', NULL, '');
INSERT INTO `sys_menu` VALUES (1020, '部门删除', 103, 4, '', '', 1, 0, 'F', '0', '0', 'system:dept:remove', '#', 'admin', '2021-07-05 10:35:17', '', NULL, '');
INSERT INTO `sys_menu` VALUES (1021, '岗位查询', 104, 1, '', '', 1, 0, 'F', '0', '0', 'system:post:query', '#', 'admin', '2021-07-05 10:35:17', '', NULL, '');
INSERT INTO `sys_menu` VALUES (1022, '岗位新增', 104, 2, '', '', 1, 0, 'F', '0', '0', 'system:post:add', '#', 'admin', '2021-07-05 10:35:17', '', NULL, '');
INSERT INTO `sys_menu` VALUES (1023, '岗位修改', 104, 3, '', '', 1, 0, 'F', '0', '0', 'system:post:edit', '#', 'admin', '2021-07-05 10:35:17', '', NULL, '');
INSERT INTO `sys_menu` VALUES (1024, '岗位删除', 104, 4, '', '', 1, 0, 'F', '0', '0', 'system:post:remove', '#', 'admin', '2021-07-05 10:35:17', '', NULL, '');
INSERT INTO `sys_menu` VALUES (1025, '岗位导出', 104, 5, '', '', 1, 0, 'F', '0', '0', 'system:post:export', '#', 'admin', '2021-07-05 10:35:17', '', NULL, '');
INSERT INTO `sys_menu` VALUES (1026, '字典查询', 105, 1, '#', '', 1, 0, 'F', '0', '0', 'system:dict:query', '#', 'admin', '2021-07-05 10:35:17', '', NULL, '');
INSERT INTO `sys_menu` VALUES (1027, '字典新增', 105, 2, '#', '', 1, 0, 'F', '0', '0', 'system:dict:add', '#', 'admin', '2021-07-05 10:35:17', '', NULL, '');
INSERT INTO `sys_menu` VALUES (1028, '字典修改', 105, 3, '#', '', 1, 0, 'F', '0', '0', 'system:dict:edit', '#', 'admin', '2021-07-05 10:35:17', '', NULL, '');
INSERT INTO `sys_menu` VALUES (1029, '字典删除', 105, 4, '#', '', 1, 0, 'F', '0', '0', 'system:dict:remove', '#', 'admin', '2021-07-05 10:35:17', '', NULL, '');
INSERT INTO `sys_menu` VALUES (1030, '字典导出', 105, 5, '#', '', 1, 0, 'F', '0', '0', 'system:dict:export', '#', 'admin', '2021-07-05 10:35:17', '', NULL, '');
INSERT INTO `sys_menu` VALUES (1031, '参数查询', 106, 1, '#', '', 1, 0, 'F', '0', '0', 'system:config:query', '#', 'admin', '2021-07-05 10:35:17', '', NULL, '');
INSERT INTO `sys_menu` VALUES (1032, '参数新增', 106, 2, '#', '', 1, 0, 'F', '0', '0', 'system:config:add', '#', 'admin', '2021-07-05 10:35:17', '', NULL, '');
INSERT INTO `sys_menu` VALUES (1033, '参数修改', 106, 3, '#', '', 1, 0, 'F', '0', '0', 'system:config:edit', '#', 'admin', '2021-07-05 10:35:17', '', NULL, '');
INSERT INTO `sys_menu` VALUES (1034, '参数删除', 106, 4, '#', '', 1, 0, 'F', '0', '0', 'system:config:remove', '#', 'admin', '2021-07-05 10:35:17', '', NULL, '');
INSERT INTO `sys_menu` VALUES (1035, '参数导出', 106, 5, '#', '', 1, 0, 'F', '0', '0', 'system:config:export', '#', 'admin', '2021-07-05 10:35:17', '', NULL, '');
INSERT INTO `sys_menu` VALUES (1036, '公告查询', 107, 1, '#', '', 1, 0, 'F', '0', '0', 'system:notice:query', '#', 'admin', '2021-07-05 10:35:17', '', NULL, '');
INSERT INTO `sys_menu` VALUES (1037, '公告新增', 107, 2, '#', '', 1, 0, 'F', '0', '0', 'system:notice:add', '#', 'admin', '2021-07-05 10:35:17', '', NULL, '');
INSERT INTO `sys_menu` VALUES (1038, '公告修改', 107, 3, '#', '', 1, 0, 'F', '0', '0', 'system:notice:edit', '#', 'admin', '2021-07-05 10:35:17', '', NULL, '');
INSERT INTO `sys_menu` VALUES (1039, '公告删除', 107, 4, '#', '', 1, 0, 'F', '0', '0', 'system:notice:remove', '#', 'admin', '2021-07-05 10:35:17', '', NULL, '');
INSERT INTO `sys_menu` VALUES (1040, '操作查询', 500, 1, '#', '', 1, 0, 'F', '0', '0', 'monitor:operlog:query', '#', 'admin', '2021-07-05 10:35:17', '', NULL, '');
INSERT INTO `sys_menu` VALUES (1041, '操作删除', 500, 2, '#', '', 1, 0, 'F', '0', '0', 'monitor:operlog:remove', '#', 'admin', '2021-07-05 10:35:17', '', NULL, '');
INSERT INTO `sys_menu` VALUES (1042, '日志导出', 500, 4, '#', '', 1, 0, 'F', '0', '0', 'monitor:operlog:export', '#', 'admin', '2021-07-05 10:35:17', '', NULL, '');
INSERT INTO `sys_menu` VALUES (1043, '登录查询', 501, 1, '#', '', 1, 0, 'F', '0', '0', 'monitor:logininfor:query', '#', 'admin', '2021-07-05 10:35:17', '', NULL, '');
INSERT INTO `sys_menu` VALUES (1044, '登录删除', 501, 2, '#', '', 1, 0, 'F', '0', '0', 'monitor:logininfor:remove', '#', 'admin', '2021-07-05 10:35:17', '', NULL, '');
INSERT INTO `sys_menu` VALUES (1045, '日志导出', 501, 3, '#', '', 1, 0, 'F', '0', '0', 'monitor:logininfor:export', '#', 'admin', '2021-07-05 10:35:17', '', NULL, '');
INSERT INTO `sys_menu` VALUES (1046, '在线查询', 109, 1, '#', '', 1, 0, 'F', '0', '0', 'monitor:online:query', '#', 'admin', '2021-07-05 10:35:17', '', NULL, '');
INSERT INTO `sys_menu` VALUES (1047, '批量强退', 109, 2, '#', '', 1, 0, 'F', '0', '0', 'monitor:online:batchLogout', '#', 'admin', '2021-07-05 10:35:17', '', NULL, '');
INSERT INTO `sys_menu` VALUES (1048, '单条强退', 109, 3, '#', '', 1, 0, 'F', '0', '0', 'monitor:online:forceLogout', '#', 'admin', '2021-07-05 10:35:17', '', NULL, '');
INSERT INTO `sys_menu` VALUES (1049, '任务查询', 110, 1, '#', '', 1, 0, 'F', '0', '0', 'monitor:job:query', '#', 'admin', '2021-07-05 10:35:17', '', NULL, '');
INSERT INTO `sys_menu` VALUES (1050, '任务新增', 110, 2, '#', '', 1, 0, 'F', '0', '0', 'monitor:job:add', '#', 'admin', '2021-07-05 10:35:17', '', NULL, '');
INSERT INTO `sys_menu` VALUES (1051, '任务修改', 110, 3, '#', '', 1, 0, 'F', '0', '0', 'monitor:job:edit', '#', 'admin', '2021-07-05 10:35:17', '', NULL, '');
INSERT INTO `sys_menu` VALUES (1052, '任务删除', 110, 4, '#', '', 1, 0, 'F', '0', '0', 'monitor:job:remove', '#', 'admin', '2021-07-05 10:35:17', '', NULL, '');
INSERT INTO `sys_menu` VALUES (1053, '状态修改', 110, 5, '#', '', 1, 0, 'F', '0', '0', 'monitor:job:changeStatus', '#', 'admin', '2021-07-05 10:35:17', '', NULL, '');
INSERT INTO `sys_menu` VALUES (1054, '任务导出', 110, 7, '#', '', 1, 0, 'F', '0', '0', 'monitor:job:export', '#', 'admin', '2021-07-05 10:35:17', '', NULL, '');
INSERT INTO `sys_menu` VALUES (1055, '生成查询', 115, 1, '#', '', 1, 0, 'F', '0', '0', 'tool:gen:query', '#', 'admin', '2021-07-05 10:35:17', '', NULL, '');
INSERT INTO `sys_menu` VALUES (1056, '生成修改', 115, 2, '#', '', 1, 0, 'F', '0', '0', 'tool:gen:edit', '#', 'admin', '2021-07-05 10:35:17', '', NULL, '');
INSERT INTO `sys_menu` VALUES (1057, '生成删除', 115, 3, '#', '', 1, 0, 'F', '0', '0', 'tool:gen:remove', '#', 'admin', '2021-07-05 10:35:17', '', NULL, '');
INSERT INTO `sys_menu` VALUES (1058, '导入代码', 115, 2, '#', '', 1, 0, 'F', '0', '0', 'tool:gen:import', '#', 'admin', '2021-07-05 10:35:17', '', NULL, '');
INSERT INTO `sys_menu` VALUES (1059, '预览代码', 115, 4, '#', '', 1, 0, 'F', '0', '0', 'tool:gen:preview', '#', 'admin', '2021-07-05 10:35:17', '', NULL, '');
INSERT INTO `sys_menu` VALUES (1060, '生成代码', 115, 5, '#', '', 1, 0, 'F', '0', '0', 'tool:gen:code', '#', 'admin', '2021-07-05 10:35:17', '', NULL, '');
INSERT INTO `sys_menu` VALUES (2000, '会员管理', 0, 5, 'member', NULL, 1, 0, 'M', '0', '0', NULL, 'peoples', 'admin', '2021-07-05 11:08:50', '', NULL, '');
INSERT INTO `sys_menu` VALUES (2001, '商城管理', 0, 6, 'mall', NULL, 1, 0, 'M', '0', '0', NULL, 'shopping', 'admin', '2021-07-05 11:17:11', '', NULL, '');
INSERT INTO `sys_menu` VALUES (2002, '预约管理', 0, 7, 'appointment', NULL, 1, 0, 'M', '0', '0', NULL, 'date-range', 'admin', '2021-07-05 11:19:18', '', NULL, '');
INSERT INTO `sys_menu` VALUES (2003, '发布文章', 0, 7, 'article', NULL, 1, 0, 'M', '0', '0', NULL, 'textarea', 'admin', '2021-07-05 11:20:52', '', NULL, '');
INSERT INTO `sys_menu` VALUES (2004, '会员动态', 0, 8, 'dynamic', NULL, 1, 0, 'M', '0', '0', NULL, 'guide', 'admin', '2021-07-05 11:23:22', '', NULL, '');
INSERT INTO `sys_menu` VALUES (2005, '订单列表', 0, 9, 'order', NULL, 1, 0, 'M', '0', '0', NULL, 'list', 'admin', '2021-07-05 11:24:15', '', NULL, '');
INSERT INTO `sys_menu` VALUES (2006, '标签管理', 0, 10, 'tag', NULL, 1, 0, 'M', '0', '0', NULL, 'tab', 'admin', '2021-07-05 11:28:10', '', NULL, '');
INSERT INTO `sys_menu` VALUES (2007, '手机端配置', 0, 11, 'phone', NULL, 1, 0, 'M', '0', '0', NULL, 'phone', 'admin', '2021-07-05 11:28:13', '', NULL, '');
INSERT INTO `sys_menu` VALUES (2008, '常规管理', 0, 12, 'common', NULL, 1, 0, 'M', '0', '0', NULL, 'message', 'admin', '2021-07-05 11:34:05', '', NULL, '');
INSERT INTO `sys_menu` VALUES (2009, '权限管理', 0, 13, 'permission', NULL, 1, 0, 'M', '0', '0', NULL, 'message', 'admin', '2021-07-05 11:34:07', '', NULL, '');
INSERT INTO `sys_menu` VALUES (2010, '规则管理', 0, 14, 'rule', NULL, 1, 0, 'M', '0', '0', NULL, 'message', 'admin', '2021-07-05 11:34:09', '', NULL, '');
INSERT INTO `sys_menu` VALUES (2011, '反馈管理', 0, 15, 'fallback', NULL, 1, 0, 'M', '0', '0', NULL, 'message', 'admin', '2021-07-05 11:34:12', '', NULL, '');
INSERT INTO `sys_menu` VALUES (2012, '每日任务管理', 0, 16, 'task', NULL, 1, 0, 'M', '0', '0', NULL, 'message', 'admin', '2021-07-05 11:34:13', '', NULL, '');
INSERT INTO `sys_menu` VALUES (2013, '苹果内购', 0, 17, 'goods', NULL, 1, 0, 'M', '0', '0', NULL, 'message', 'admin', '2021-07-05 11:34:16', '', NULL, '');
INSERT INTO `sys_menu` VALUES (2014, '会员管理', 2000, 1, '#', NULL, 1, 0, 'F', '0', '0', NULL, '#', 'admin', '2021-07-05 13:55:48', '', NULL, '');
INSERT INTO `sys_menu` VALUES (2015, '会员管理111', 2000, 1, 'manage', 'member/manage/index', 1, 0, 'C', '0', '0', 'member:manage:list', '#', 'admin', '2021-07-05 14:17:57', '', NULL, '会员管理111菜单');
INSERT INTO `sys_menu` VALUES (2016, '会员管理111查询', 2015, 1, '#', '', 1, 0, 'F', '0', '0', 'member:manage:query', '#', 'admin', '2021-07-05 14:17:57', '', NULL, '');
INSERT INTO `sys_menu` VALUES (2017, '会员管理111新增', 2015, 2, '#', '', 1, 0, 'F', '0', '0', 'member:manage:add', '#', 'admin', '2021-07-05 14:17:57', '', NULL, '');
INSERT INTO `sys_menu` VALUES (2018, '会员管理111修改', 2015, 3, '#', '', 1, 0, 'F', '0', '0', 'member:manage:edit', '#', 'admin', '2021-07-05 14:17:57', '', NULL, '');
INSERT INTO `sys_menu` VALUES (2019, '会员管理111删除', 2015, 4, '#', '', 1, 0, 'F', '0', '0', 'member:manage:remove', '#', 'admin', '2021-07-05 14:17:57', '', NULL, '');
INSERT INTO `sys_menu` VALUES (2020, '会员管理111导出', 2015, 5, '#', '', 1, 0, 'F', '0', '0', 'member:manage:export', '#', 'admin', '2021-07-05 14:17:57', '', NULL, '');

-- ----------------------------
-- Table structure for sys_notice
-- ----------------------------
DROP TABLE IF EXISTS `sys_notice`;
CREATE TABLE `sys_notice`  (
  `notice_id` int(4) NOT NULL AUTO_INCREMENT COMMENT '公告ID',
  `notice_title` varchar(50) CHARACTER SET utf8 COLLATE utf8_general_ci NOT NULL COMMENT '公告标题',
  `notice_type` char(1) CHARACTER SET utf8 COLLATE utf8_general_ci NOT NULL COMMENT '公告类型（1通知 2公告）',
  `notice_content` longblob COMMENT '公告内容',
  `status` char(1) CHARACTER SET utf8 COLLATE utf8_general_ci DEFAULT '0' COMMENT '公告状态（0正常 1关闭）',
  `create_by` varchar(64) CHARACTER SET utf8 COLLATE utf8_general_ci DEFAULT '' COMMENT '创建者',
  `create_time` datetime(0) DEFAULT NULL COMMENT '创建时间',
  `update_by` varchar(64) CHARACTER SET utf8 COLLATE utf8_general_ci DEFAULT '' COMMENT '更新者',
  `update_time` datetime(0) DEFAULT NULL COMMENT '更新时间',
  `remark` varchar(255) CHARACTER SET utf8 COLLATE utf8_general_ci DEFAULT NULL COMMENT '备注',
  PRIMARY KEY (`notice_id`) USING BTREE
) ENGINE = InnoDB AUTO_INCREMENT = 10 CHARACTER SET = utf8 COLLATE = utf8_general_ci COMMENT = '通知公告表' ROW_FORMAT = Dynamic;

-- ----------------------------
-- Records of sys_notice
-- ----------------------------
INSERT INTO `sys_notice` VALUES (1, '温馨提醒：2018-07-01 若依新版本发布啦', '2', 0xE696B0E78988E69CACE58685E5AEB9, '0', 'admin', '2021-07-05 10:35:17', '', NULL, '管理员');
INSERT INTO `sys_notice` VALUES (2, '维护通知：2018-07-01 若依系统凌晨维护', '1', 0xE7BBB4E68AA4E58685E5AEB9, '0', 'admin', '2021-07-05 10:35:17', '', NULL, '管理员');

-- ----------------------------
-- Table structure for sys_oper_log
-- ----------------------------
DROP TABLE IF EXISTS `sys_oper_log`;
CREATE TABLE `sys_oper_log`  (
  `oper_id` bigint(20) NOT NULL AUTO_INCREMENT COMMENT '日志主键',
  `title` varchar(50) CHARACTER SET utf8 COLLATE utf8_general_ci DEFAULT '' COMMENT '模块标题',
  `business_type` int(2) DEFAULT 0 COMMENT '业务类型（0其它 1新增 2修改 3删除）',
  `method` varchar(100) CHARACTER SET utf8 COLLATE utf8_general_ci DEFAULT '' COMMENT '方法名称',
  `request_method` varchar(10) CHARACTER SET utf8 COLLATE utf8_general_ci DEFAULT '' COMMENT '请求方式',
  `operator_type` int(1) DEFAULT 0 COMMENT '操作类别（0其它 1后台用户 2手机端用户）',
  `oper_name` varchar(50) CHARACTER SET utf8 COLLATE utf8_general_ci DEFAULT '' COMMENT '操作人员',
  `dept_name` varchar(50) CHARACTER SET utf8 COLLATE utf8_general_ci DEFAULT '' COMMENT '部门名称',
  `oper_url` varchar(255) CHARACTER SET utf8 COLLATE utf8_general_ci DEFAULT '' COMMENT '请求URL',
  `oper_ip` varchar(128) CHARACTER SET utf8 COLLATE utf8_general_ci DEFAULT '' COMMENT '主机地址',
  `oper_location` varchar(255) CHARACTER SET utf8 COLLATE utf8_general_ci DEFAULT '' COMMENT '操作地点',
  `oper_param` varchar(2000) CHARACTER SET utf8 COLLATE utf8_general_ci DEFAULT '' COMMENT '请求参数',
  `json_result` varchar(2000) CHARACTER SET utf8 COLLATE utf8_general_ci DEFAULT '' COMMENT '返回参数',
  `status` int(1) DEFAULT 0 COMMENT '操作状态（0正常 1异常）',
  `error_msg` varchar(2000) CHARACTER SET utf8 COLLATE utf8_general_ci DEFAULT '' COMMENT '错误消息',
  `oper_time` datetime(0) DEFAULT NULL COMMENT '操作时间',
  PRIMARY KEY (`oper_id`) USING BTREE
) ENGINE = InnoDB AUTO_INCREMENT = 113 CHARACTER SET = utf8 COLLATE = utf8_general_ci COMMENT = '操作日志记录' ROW_FORMAT = Dynamic;

-- ----------------------------
-- Records of sys_oper_log
-- ----------------------------
INSERT INTO `sys_oper_log` VALUES (100, '菜单管理', 1, 'com.ruoyi.web.controller.system.SysMenuController.add()', 'POST', 1, 'admin', NULL, '/system/menu', '127.0.0.1', '内网IP', '{\"visible\":\"0\",\"icon\":\"peoples\",\"orderNum\":\"5\",\"menuName\":\"会员管理\",\"params\":{},\"parentId\":0,\"isCache\":\"0\",\"path\":\"null\",\"createBy\":\"admin\",\"children\":[],\"isFrame\":\"1\",\"menuType\":\"M\",\"status\":\"0\"}', '{\"msg\":\"操作成功\",\"code\":200}', 0, NULL, '2021-07-05 11:08:50');
INSERT INTO `sys_oper_log` VALUES (101, '菜单管理', 3, 'com.ruoyi.web.controller.system.SysMenuController.remove()', 'DELETE', 1, 'admin', NULL, '/system/menu/4', '127.0.0.1', '内网IP', '{menuId=4}', '{\"msg\":\"菜单已分配,不允许删除\",\"code\":500}', 0, NULL, '2021-07-05 11:14:02');
INSERT INTO `sys_oper_log` VALUES (102, '菜单管理', 1, 'com.ruoyi.web.controller.system.SysMenuController.add()', 'POST', 1, 'admin', NULL, '/system/menu', '127.0.0.1', '内网IP', '{\"visible\":\"0\",\"icon\":\"shopping\",\"orderNum\":\"6\",\"menuName\":\"商城管理\",\"params\":{},\"parentId\":0,\"isCache\":\"0\",\"path\":\"/mall\",\"createBy\":\"admin\",\"children\":[],\"isFrame\":\"1\",\"menuType\":\"M\",\"status\":\"0\"}', '{\"msg\":\"操作成功\",\"code\":200}', 0, NULL, '2021-07-05 11:17:11');
INSERT INTO `sys_oper_log` VALUES (103, '菜单管理', 1, 'com.ruoyi.web.controller.system.SysMenuController.add()', 'POST', 1, 'admin', NULL, '/system/menu', '127.0.0.1', '内网IP', '{\"visible\":\"0\",\"icon\":\"date-range\",\"orderNum\":\"7\",\"menuName\":\"预约管理\",\"params\":{},\"parentId\":0,\"isCache\":\"0\",\"path\":\"appointment\",\"createBy\":\"admin\",\"children\":[],\"isFrame\":\"1\",\"menuType\":\"M\",\"status\":\"0\"}', '{\"msg\":\"操作成功\",\"code\":200}', 0, NULL, '2021-07-05 11:19:18');
INSERT INTO `sys_oper_log` VALUES (104, '菜单管理', 1, 'com.ruoyi.web.controller.system.SysMenuController.add()', 'POST', 1, 'admin', NULL, '/system/menu', '127.0.0.1', '内网IP', '{\"visible\":\"0\",\"icon\":\"textarea\",\"orderNum\":\"7\",\"menuName\":\"发布文章\",\"params\":{},\"parentId\":0,\"isCache\":\"0\",\"path\":\"article\",\"createBy\":\"admin\",\"children\":[],\"isFrame\":\"1\",\"menuType\":\"M\",\"status\":\"0\"}', '{\"msg\":\"操作成功\",\"code\":200}', 0, NULL, '2021-07-05 11:20:52');
INSERT INTO `sys_oper_log` VALUES (105, '菜单管理', 1, 'com.ruoyi.web.controller.system.SysMenuController.add()', 'POST', 1, 'admin', NULL, '/system/menu', '127.0.0.1', '内网IP', '{\"visible\":\"0\",\"icon\":\"guide\",\"orderNum\":\"8\",\"menuName\":\"会员动态\",\"params\":{},\"parentId\":0,\"isCache\":\"0\",\"path\":\"dynamic\",\"createBy\":\"admin\",\"children\":[],\"isFrame\":\"1\",\"menuType\":\"M\",\"status\":\"0\"}', '{\"msg\":\"操作成功\",\"code\":200}', 0, NULL, '2021-07-05 11:23:22');
INSERT INTO `sys_oper_log` VALUES (106, '菜单管理', 1, 'com.ruoyi.web.controller.system.SysMenuController.add()', 'POST', 1, 'admin', NULL, '/system/menu', '127.0.0.1', '内网IP', '{\"visible\":\"0\",\"icon\":\"list\",\"orderNum\":\"9\",\"menuName\":\"订单列表\",\"params\":{},\"parentId\":0,\"isCache\":\"0\",\"path\":\"/order\",\"createBy\":\"admin\",\"children\":[],\"isFrame\":\"1\",\"menuType\":\"M\",\"status\":\"0\"}', '{\"msg\":\"操作成功\",\"code\":200}', 0, NULL, '2021-07-05 11:24:15');
INSERT INTO `sys_oper_log` VALUES (107, '代码生成', 6, 'com.ruoyi.generator.controller.GenController.importTableSave()', 'POST', 1, 'admin', NULL, '/tool/gen/importTable', '127.0.0.1', '内网IP', 'fa_user', '{\"msg\":\"操作成功\",\"code\":200}', 0, NULL, '2021-07-05 14:12:23');
INSERT INTO `sys_oper_log` VALUES (108, '代码生成', 2, 'com.ruoyi.generator.controller.GenController.editSave()', 'PUT', 1, 'admin', NULL, '/tool/gen', '127.0.0.1', '内网IP', '{\"sub\":false,\"functionAuthor\":\"ruoyi\",\"columns\":[{\"capJavaField\":\"Id\",\"usableColumn\":false,\"columnId\":1,\"isIncrement\":\"1\",\"increment\":true,\"insert\":true,\"dictType\":\"\",\"required\":false,\"superColumn\":false,\"updateBy\":\"\",\"isInsert\":\"1\",\"javaField\":\"id\",\"htmlType\":\"input\",\"edit\":false,\"query\":false,\"columnComment\":\"ID\",\"sort\":1,\"list\":false,\"params\":{},\"javaType\":\"Integer\",\"queryType\":\"EQ\",\"columnType\":\"int(10) unsigned\",\"createBy\":\"admin\",\"isPk\":\"1\",\"createTime\":1625465543000,\"tableId\":1,\"pk\":true,\"columnName\":\"id\"},{\"capJavaField\":\"GroupId\",\"usableColumn\":false,\"columnId\":2,\"isIncrement\":\"0\",\"increment\":false,\"insert\":true,\"isList\":\"1\",\"dictType\":\"\",\"required\":true,\"superColumn\":false,\"updateBy\":\"\",\"isInsert\":\"1\",\"isRequired\":\"1\",\"javaField\":\"groupId\",\"htmlType\":\"input\",\"edit\":true,\"query\":true,\"columnComment\":\"组别ID\",\"isQuery\":\"1\",\"sort\":2,\"list\":true,\"params\":{},\"javaType\":\"Integer\",\"queryType\":\"EQ\",\"columnType\":\"int(10) unsigned\",\"createBy\":\"admin\",\"isPk\":\"0\",\"createTime\":1625465543000,\"isEdit\":\"1\",\"tableId\":1,\"pk\":false,\"columnName\":\"group_id\"},{\"capJavaField\":\"Username\",\"usableColumn\":false,\"columnId\":3,\"isIncrement\":\"0\",\"increment\":false,\"insert\":true,\"isList\":\"1\",\"dictType\":\"\",\"required\":true,\"superColumn\":false,\"updateBy\":\"\",\"isInsert\":\"1\",\"isRequired\":\"1\",\"javaField\":\"username\",\"htmlType\":\"input\",\"edit\":true,\"query\":true,\"columnComment\":\"用户名\",\"isQuery\":\"1\",\"sort\":3,\"list\":true,\"params\":{},\"javaType\":\"String\",\"queryType\":\"LIKE\",\"columnType\":\"varchar(32)\",\"createBy\":\"admin\",\"isPk\":\"0\",\"createTime\":1625465543000,\"isEdit\":\"1\",\"tableId\":1,\"pk\":false,\"columnName\":\"username\"},{\"capJavaField\":\"Nickname\",\"usableColumn\":false,\"columnId\":4,\"isIncrement\":\"0\",\"increment\":false,\"insert\":true,\"isList\":\"1\",\"dictType\":\"\",\"required\":true,\"superColumn\":false,\"updateBy\":\"\",\"isInsert\":\"1\",\"isRequired\":\"1\",\"javaField\":\"nickname\",\"htmlType\":\"input\",\"edit\":true,\"query\":true,\"columnComment\":\"昵称\",\"isQuery\":\"1\",\"sort\":4,\"list\":true,\"params\":{},\"javaType\":\"String\",\"queryType\":\"LIKE\",\"col', '{\"msg\":\"操作成功\",\"code\":200}', 0, NULL, '2021-07-05 14:14:58');
INSERT INTO `sys_oper_log` VALUES (109, '代码生成', 8, 'com.ruoyi.generator.controller.GenController.batchGenCode()', 'GET', 1, 'admin', NULL, '/tool/gen/batchGenCode', '127.0.0.1', '内网IP', '{}', 'null', 0, NULL, '2021-07-05 14:15:03');
INSERT INTO `sys_oper_log` VALUES (110, '代码生成', 2, 'com.ruoyi.generator.controller.GenController.editSave()', 'PUT', 1, 'admin', NULL, '/tool/gen', '127.0.0.1', '内网IP', '{\"sub\":false,\"functionAuthor\":\"ruoyi\",\"columns\":[{\"capJavaField\":\"Id\",\"usableColumn\":false,\"columnId\":1,\"isIncrement\":\"1\",\"increment\":true,\"insert\":true,\"dictType\":\"\",\"required\":false,\"superColumn\":false,\"updateBy\":\"\",\"isInsert\":\"1\",\"javaField\":\"id\",\"htmlType\":\"input\",\"edit\":false,\"query\":false,\"columnComment\":\"ID\",\"updateTime\":1625465698000,\"sort\":1,\"list\":false,\"params\":{},\"javaType\":\"Integer\",\"queryType\":\"EQ\",\"columnType\":\"int(10) unsigned\",\"createBy\":\"admin\",\"isPk\":\"1\",\"createTime\":1625465543000,\"tableId\":1,\"pk\":true,\"columnName\":\"id\"},{\"capJavaField\":\"GroupId\",\"usableColumn\":false,\"columnId\":2,\"isIncrement\":\"0\",\"increment\":false,\"insert\":true,\"isList\":\"1\",\"dictType\":\"\",\"required\":true,\"superColumn\":false,\"updateBy\":\"\",\"isInsert\":\"1\",\"isRequired\":\"1\",\"javaField\":\"groupId\",\"htmlType\":\"input\",\"edit\":true,\"query\":true,\"columnComment\":\"组别ID\",\"isQuery\":\"1\",\"updateTime\":1625465698000,\"sort\":2,\"list\":true,\"params\":{},\"javaType\":\"Integer\",\"queryType\":\"EQ\",\"columnType\":\"int(10) unsigned\",\"createBy\":\"admin\",\"isPk\":\"0\",\"createTime\":1625465543000,\"isEdit\":\"1\",\"tableId\":1,\"pk\":false,\"columnName\":\"group_id\"},{\"capJavaField\":\"Username\",\"usableColumn\":false,\"columnId\":3,\"isIncrement\":\"0\",\"increment\":false,\"insert\":true,\"isList\":\"1\",\"dictType\":\"\",\"required\":true,\"superColumn\":false,\"updateBy\":\"\",\"isInsert\":\"1\",\"isRequired\":\"1\",\"javaField\":\"username\",\"htmlType\":\"input\",\"edit\":true,\"query\":true,\"columnComment\":\"用户名\",\"isQuery\":\"1\",\"updateTime\":1625465698000,\"sort\":3,\"list\":true,\"params\":{},\"javaType\":\"String\",\"queryType\":\"LIKE\",\"columnType\":\"varchar(32)\",\"createBy\":\"admin\",\"isPk\":\"0\",\"createTime\":1625465543000,\"isEdit\":\"1\",\"tableId\":1,\"pk\":false,\"columnName\":\"username\"},{\"capJavaField\":\"Nickname\",\"usableColumn\":false,\"columnId\":4,\"isIncrement\":\"0\",\"increment\":false,\"insert\":true,\"isList\":\"1\",\"dictType\":\"\",\"required\":true,\"superColumn\":false,\"updateBy\":\"\",\"isInsert\":\"1\",\"isRequired\":\"1\",\"javaField\":\"nickname\",\"htmlType\":\"input\",\"edit\":true,\"query\":true,\"columnComment\":\"昵称\",\"isQuery\"', '{\"msg\":\"操作成功\",\"code\":200}', 0, NULL, '2021-07-05 14:17:21');
INSERT INTO `sys_oper_log` VALUES (111, '代码生成', 8, 'com.ruoyi.generator.controller.GenController.batchGenCode()', 'GET', 1, 'admin', NULL, '/tool/gen/batchGenCode', '127.0.0.1', '内网IP', '{}', 'null', 0, NULL, '2021-07-05 14:17:23');
INSERT INTO `sys_oper_log` VALUES (112, '会员管理111', 5, 'com.ruoyi.web.controller.member.FaUserController.export()', 'GET', 1, 'admin', NULL, '/member/manage/export', '127.0.0.1', '内网IP', '{}', '{\"msg\":\"04bbee76-f738-441e-9e23-e55d56def073_会员管理111数据.xlsx\",\"code\":200}', 0, NULL, '2021-07-05 17:31:43');

-- ----------------------------
-- Table structure for sys_post
-- ----------------------------
DROP TABLE IF EXISTS `sys_post`;
CREATE TABLE `sys_post`  (
  `post_id` bigint(20) NOT NULL AUTO_INCREMENT COMMENT '岗位ID',
  `post_code` varchar(64) CHARACTER SET utf8 COLLATE utf8_general_ci NOT NULL COMMENT '岗位编码',
  `post_name` varchar(50) CHARACTER SET utf8 COLLATE utf8_general_ci NOT NULL COMMENT '岗位名称',
  `post_sort` int(4) NOT NULL COMMENT '显示顺序',
  `status` char(1) CHARACTER SET utf8 COLLATE utf8_general_ci NOT NULL COMMENT '状态（0正常 1停用）',
  `create_by` varchar(64) CHARACTER SET utf8 COLLATE utf8_general_ci DEFAULT '' COMMENT '创建者',
  `create_time` datetime(0) DEFAULT NULL COMMENT '创建时间',
  `update_by` varchar(64) CHARACTER SET utf8 COLLATE utf8_general_ci DEFAULT '' COMMENT '更新者',
  `update_time` datetime(0) DEFAULT NULL COMMENT '更新时间',
  `remark` varchar(500) CHARACTER SET utf8 COLLATE utf8_general_ci DEFAULT NULL COMMENT '备注',
  PRIMARY KEY (`post_id`) USING BTREE
) ENGINE = InnoDB AUTO_INCREMENT = 5 CHARACTER SET = utf8 COLLATE = utf8_general_ci COMMENT = '岗位信息表' ROW_FORMAT = Dynamic;

-- ----------------------------
-- Records of sys_post
-- ----------------------------
INSERT INTO `sys_post` VALUES (1, 'ceo', '董事长', 1, '0', 'admin', '2021-07-05 10:35:17', '', NULL, '');
INSERT INTO `sys_post` VALUES (2, 'se', '项目经理', 2, '0', 'admin', '2021-07-05 10:35:17', '', NULL, '');
INSERT INTO `sys_post` VALUES (3, 'hr', '人力资源', 3, '0', 'admin', '2021-07-05 10:35:17', '', NULL, '');
INSERT INTO `sys_post` VALUES (4, 'user', '普通员工', 4, '0', 'admin', '2021-07-05 10:35:17', '', NULL, '');

-- ----------------------------
-- Table structure for sys_role
-- ----------------------------
DROP TABLE IF EXISTS `sys_role`;
CREATE TABLE `sys_role`  (
  `role_id` bigint(20) NOT NULL AUTO_INCREMENT COMMENT '角色ID',
  `role_name` varchar(30) CHARACTER SET utf8 COLLATE utf8_general_ci NOT NULL COMMENT '角色名称',
  `role_key` varchar(100) CHARACTER SET utf8 COLLATE utf8_general_ci NOT NULL COMMENT '角色权限字符串',
  `role_sort` int(4) NOT NULL COMMENT '显示顺序',
  `data_scope` char(1) CHARACTER SET utf8 COLLATE utf8_general_ci DEFAULT '1' COMMENT '数据范围（1：全部数据权限 2：自定数据权限 3：本部门数据权限 4：本部门及以下数据权限）',
  `menu_check_strictly` tinyint(1) DEFAULT 1 COMMENT '菜单树选择项是否关联显示',
  `dept_check_strictly` tinyint(1) DEFAULT 1 COMMENT '部门树选择项是否关联显示',
  `status` char(1) CHARACTER SET utf8 COLLATE utf8_general_ci NOT NULL COMMENT '角色状态（0正常 1停用）',
  `del_flag` char(1) CHARACTER SET utf8 COLLATE utf8_general_ci DEFAULT '0' COMMENT '删除标志（0代表存在 2代表删除）',
  `create_by` varchar(64) CHARACTER SET utf8 COLLATE utf8_general_ci DEFAULT '' COMMENT '创建者',
  `create_time` datetime(0) DEFAULT NULL COMMENT '创建时间',
  `update_by` varchar(64) CHARACTER SET utf8 COLLATE utf8_general_ci DEFAULT '' COMMENT '更新者',
  `update_time` datetime(0) DEFAULT NULL COMMENT '更新时间',
  `remark` varchar(500) CHARACTER SET utf8 COLLATE utf8_general_ci DEFAULT NULL COMMENT '备注',
  PRIMARY KEY (`role_id`) USING BTREE
) ENGINE = InnoDB AUTO_INCREMENT = 100 CHARACTER SET = utf8 COLLATE = utf8_general_ci COMMENT = '角色信息表' ROW_FORMAT = Dynamic;

-- ----------------------------
-- Records of sys_role
-- ----------------------------
INSERT INTO `sys_role` VALUES (1, '超级管理员', 'admin', 1, '1', 1, 1, '0', '0', 'admin', '2021-07-05 10:35:17', '', NULL, '超级管理员');
INSERT INTO `sys_role` VALUES (2, '普通角色', 'common', 2, '2', 1, 1, '0', '0', 'admin', '2021-07-05 10:35:17', '', NULL, '普通角色');

-- ----------------------------
-- Table structure for sys_role_dept
-- ----------------------------
DROP TABLE IF EXISTS `sys_role_dept`;
CREATE TABLE `sys_role_dept`  (
  `role_id` bigint(20) NOT NULL COMMENT '角色ID',
  `dept_id` bigint(20) NOT NULL COMMENT '部门ID',
  PRIMARY KEY (`role_id`, `dept_id`) USING BTREE
) ENGINE = InnoDB CHARACTER SET = utf8 COLLATE = utf8_general_ci COMMENT = '角色和部门关联表' ROW_FORMAT = Dynamic;

-- ----------------------------
-- Records of sys_role_dept
-- ----------------------------
INSERT INTO `sys_role_dept` VALUES (2, 100);
INSERT INTO `sys_role_dept` VALUES (2, 101);
INSERT INTO `sys_role_dept` VALUES (2, 105);

-- ----------------------------
-- Table structure for sys_role_menu
-- ----------------------------
DROP TABLE IF EXISTS `sys_role_menu`;
CREATE TABLE `sys_role_menu`  (
  `role_id` bigint(20) NOT NULL COMMENT '角色ID',
  `menu_id` bigint(20) NOT NULL COMMENT '菜单ID',
  PRIMARY KEY (`role_id`, `menu_id`) USING BTREE
) ENGINE = InnoDB CHARACTER SET = utf8 COLLATE = utf8_general_ci COMMENT = '角色和菜单关联表' ROW_FORMAT = Dynamic;

-- ----------------------------
-- Records of sys_role_menu
-- ----------------------------
INSERT INTO `sys_role_menu` VALUES (2, 1);
INSERT INTO `sys_role_menu` VALUES (2, 2);
INSERT INTO `sys_role_menu` VALUES (2, 3);
INSERT INTO `sys_role_menu` VALUES (2, 4);
INSERT INTO `sys_role_menu` VALUES (2, 100);
INSERT INTO `sys_role_menu` VALUES (2, 101);
INSERT INTO `sys_role_menu` VALUES (2, 102);
INSERT INTO `sys_role_menu` VALUES (2, 103);
INSERT INTO `sys_role_menu` VALUES (2, 104);
INSERT INTO `sys_role_menu` VALUES (2, 105);
INSERT INTO `sys_role_menu` VALUES (2, 106);
INSERT INTO `sys_role_menu` VALUES (2, 107);
INSERT INTO `sys_role_menu` VALUES (2, 108);
INSERT INTO `sys_role_menu` VALUES (2, 109);
INSERT INTO `sys_role_menu` VALUES (2, 110);
INSERT INTO `sys_role_menu` VALUES (2, 111);
INSERT INTO `sys_role_menu` VALUES (2, 112);
INSERT INTO `sys_role_menu` VALUES (2, 113);
INSERT INTO `sys_role_menu` VALUES (2, 114);
INSERT INTO `sys_role_menu` VALUES (2, 115);
INSERT INTO `sys_role_menu` VALUES (2, 116);
INSERT INTO `sys_role_menu` VALUES (2, 500);
INSERT INTO `sys_role_menu` VALUES (2, 501);
INSERT INTO `sys_role_menu` VALUES (2, 1000);
INSERT INTO `sys_role_menu` VALUES (2, 1001);
INSERT INTO `sys_role_menu` VALUES (2, 1002);
INSERT INTO `sys_role_menu` VALUES (2, 1003);
INSERT INTO `sys_role_menu` VALUES (2, 1004);
INSERT INTO `sys_role_menu` VALUES (2, 1005);
INSERT INTO `sys_role_menu` VALUES (2, 1006);
INSERT INTO `sys_role_menu` VALUES (2, 1007);
INSERT INTO `sys_role_menu` VALUES (2, 1008);
INSERT INTO `sys_role_menu` VALUES (2, 1009);
INSERT INTO `sys_role_menu` VALUES (2, 1010);
INSERT INTO `sys_role_menu` VALUES (2, 1011);
INSERT INTO `sys_role_menu` VALUES (2, 1012);
INSERT INTO `sys_role_menu` VALUES (2, 1013);
INSERT INTO `sys_role_menu` VALUES (2, 1014);
INSERT INTO `sys_role_menu` VALUES (2, 1015);
INSERT INTO `sys_role_menu` VALUES (2, 1016);
INSERT INTO `sys_role_menu` VALUES (2, 1017);
INSERT INTO `sys_role_menu` VALUES (2, 1018);
INSERT INTO `sys_role_menu` VALUES (2, 1019);
INSERT INTO `sys_role_menu` VALUES (2, 1020);
INSERT INTO `sys_role_menu` VALUES (2, 1021);
INSERT INTO `sys_role_menu` VALUES (2, 1022);
INSERT INTO `sys_role_menu` VALUES (2, 1023);
INSERT INTO `sys_role_menu` VALUES (2, 1024);
INSERT INTO `sys_role_menu` VALUES (2, 1025);
INSERT INTO `sys_role_menu` VALUES (2, 1026);
INSERT INTO `sys_role_menu` VALUES (2, 1027);
INSERT INTO `sys_role_menu` VALUES (2, 1028);
INSERT INTO `sys_role_menu` VALUES (2, 1029);
INSERT INTO `sys_role_menu` VALUES (2, 1030);
INSERT INTO `sys_role_menu` VALUES (2, 1031);
INSERT INTO `sys_role_menu` VALUES (2, 1032);
INSERT INTO `sys_role_menu` VALUES (2, 1033);
INSERT INTO `sys_role_menu` VALUES (2, 1034);
INSERT INTO `sys_role_menu` VALUES (2, 1035);
INSERT INTO `sys_role_menu` VALUES (2, 1036);
INSERT INTO `sys_role_menu` VALUES (2, 1037);
INSERT INTO `sys_role_menu` VALUES (2, 1038);
INSERT INTO `sys_role_menu` VALUES (2, 1039);
INSERT INTO `sys_role_menu` VALUES (2, 1040);
INSERT INTO `sys_role_menu` VALUES (2, 1041);
INSERT INTO `sys_role_menu` VALUES (2, 1042);
INSERT INTO `sys_role_menu` VALUES (2, 1043);
INSERT INTO `sys_role_menu` VALUES (2, 1044);
INSERT INTO `sys_role_menu` VALUES (2, 1045);
INSERT INTO `sys_role_menu` VALUES (2, 1046);
INSERT INTO `sys_role_menu` VALUES (2, 1047);
INSERT INTO `sys_role_menu` VALUES (2, 1048);
INSERT INTO `sys_role_menu` VALUES (2, 1049);
INSERT INTO `sys_role_menu` VALUES (2, 1050);
INSERT INTO `sys_role_menu` VALUES (2, 1051);
INSERT INTO `sys_role_menu` VALUES (2, 1052);
INSERT INTO `sys_role_menu` VALUES (2, 1053);
INSERT INTO `sys_role_menu` VALUES (2, 1054);
INSERT INTO `sys_role_menu` VALUES (2, 1055);
INSERT INTO `sys_role_menu` VALUES (2, 1056);
INSERT INTO `sys_role_menu` VALUES (2, 1057);
INSERT INTO `sys_role_menu` VALUES (2, 1058);
INSERT INTO `sys_role_menu` VALUES (2, 1059);
INSERT INTO `sys_role_menu` VALUES (2, 1060);

-- ----------------------------
-- Table structure for sys_user
-- ----------------------------
DROP TABLE IF EXISTS `sys_user`;
CREATE TABLE `sys_user`  (
  `user_id` bigint(20) NOT NULL AUTO_INCREMENT COMMENT '用户ID',
  `dept_id` bigint(20) DEFAULT NULL COMMENT '部门ID',
  `user_name` varchar(30) CHARACTER SET utf8 COLLATE utf8_general_ci NOT NULL COMMENT '用户账号',
  `nick_name` varchar(30) CHARACTER SET utf8 COLLATE utf8_general_ci NOT NULL COMMENT '用户昵称',
  `user_type` varchar(2) CHARACTER SET utf8 COLLATE utf8_general_ci DEFAULT '00' COMMENT '用户类型（00系统用户）',
  `email` varchar(50) CHARACTER SET utf8 COLLATE utf8_general_ci DEFAULT '' COMMENT '用户邮箱',
  `phonenumber` varchar(11) CHARACTER SET utf8 COLLATE utf8_general_ci DEFAULT '' COMMENT '手机号码',
  `sex` char(1) CHARACTER SET utf8 COLLATE utf8_general_ci DEFAULT '0' COMMENT '用户性别（0男 1女 2未知）',
  `avatar` varchar(100) CHARACTER SET utf8 COLLATE utf8_general_ci DEFAULT '' COMMENT '头像地址',
  `password` varchar(100) CHARACTER SET utf8 COLLATE utf8_general_ci DEFAULT '' COMMENT '密码',
  `status` char(1) CHARACTER SET utf8 COLLATE utf8_general_ci DEFAULT '0' COMMENT '帐号状态（0正常 1停用）',
  `del_flag` char(1) CHARACTER SET utf8 COLLATE utf8_general_ci DEFAULT '0' COMMENT '删除标志（0代表存在 2代表删除）',
  `login_ip` varchar(128) CHARACTER SET utf8 COLLATE utf8_general_ci DEFAULT '' COMMENT '最后登录IP',
  `login_date` datetime(0) DEFAULT NULL COMMENT '最后登录时间',
  `create_by` varchar(64) CHARACTER SET utf8 COLLATE utf8_general_ci DEFAULT '' COMMENT '创建者',
  `create_time` datetime(0) DEFAULT NULL COMMENT '创建时间',
  `update_by` varchar(64) CHARACTER SET utf8 COLLATE utf8_general_ci DEFAULT '' COMMENT '更新者',
  `update_time` datetime(0) DEFAULT NULL COMMENT '更新时间',
  `remark` varchar(500) CHARACTER SET utf8 COLLATE utf8_general_ci DEFAULT NULL COMMENT '备注',
  PRIMARY KEY (`user_id`) USING BTREE
) ENGINE = InnoDB AUTO_INCREMENT = 100 CHARACTER SET = utf8 COLLATE = utf8_general_ci COMMENT = '用户信息表' ROW_FORMAT = Dynamic;

-- ----------------------------
-- Records of sys_user
-- ----------------------------
INSERT INTO `sys_user` VALUES (1, 103, 'admin', '若依', '00', 'ry@163.com', '15888888888', '1', '', '$2a$10$7JB720yubVSZvUI0rEqK/.VqGOZTH.ulu33dHOiBE8ByOhJIrdAu2', '0', '0', '127.0.0.1', '2021-07-05 17:29:32', 'admin', '2021-07-05 10:35:17', '', '2021-07-05 17:29:32', '管理员');
INSERT INTO `sys_user` VALUES (2, 105, 'ry', '若依', '00', 'ry@qq.com', '15666666666', '1', '', '$2a$10$7JB720yubVSZvUI0rEqK/.VqGOZTH.ulu33dHOiBE8ByOhJIrdAu2', '0', '0', '127.0.0.1', '2021-07-05 10:35:17', 'admin', '2021-07-05 10:35:17', '', NULL, '测试员');

-- ----------------------------
-- Table structure for sys_user_post
-- ----------------------------
DROP TABLE IF EXISTS `sys_user_post`;
CREATE TABLE `sys_user_post`  (
  `user_id` bigint(20) NOT NULL COMMENT '用户ID',
  `post_id` bigint(20) NOT NULL COMMENT '岗位ID',
  PRIMARY KEY (`user_id`, `post_id`) USING BTREE
) ENGINE = InnoDB CHARACTER SET = utf8 COLLATE = utf8_general_ci COMMENT = '用户与岗位关联表' ROW_FORMAT = Dynamic;

-- ----------------------------
-- Records of sys_user_post
-- ----------------------------
INSERT INTO `sys_user_post` VALUES (1, 1);
INSERT INTO `sys_user_post` VALUES (2, 2);

-- ----------------------------
-- Table structure for sys_user_role
-- ----------------------------
DROP TABLE IF EXISTS `sys_user_role`;
CREATE TABLE `sys_user_role`  (
  `user_id` bigint(20) NOT NULL COMMENT '用户ID',
  `role_id` bigint(20) NOT NULL COMMENT '角色ID',
  PRIMARY KEY (`user_id`, `role_id`) USING BTREE
) ENGINE = InnoDB CHARACTER SET = utf8 COLLATE = utf8_general_ci COMMENT = '用户和角色关联表' ROW_FORMAT = Dynamic;

-- ----------------------------
-- Records of sys_user_role
-- ----------------------------
INSERT INTO `sys_user_role` VALUES (1, 1);
INSERT INTO `sys_user_role` VALUES (2, 2);

SET FOREIGN_KEY_CHECKS = 1;
